ec_time,ec_mem,overall_lat,emu_startup,rewind,emu_reset,replay,rewind_injections,pkt_lat,drop_lat,timeout,network,emulated_pct,fw_leaves_pct,invariants,procs,drop_method,num_nodes,num_links,num_updates,total_conn,invariant,independent_cec,violated,total_time,total_mem
267385,141856,209878,164004,117,0,0,-1,214,0,445,rocketfuel-bb-AS-3967,8,20,16,1,timeout,79,147,0,20727,4,1,True,5265311,144016
269293,141856,203088,159899,158,0,0,-1,187,0,445,rocketfuel-bb-AS-3967,8,20,16,1,timeout,79,147,0,20727,9,1,True,5265311,144016
258251,141856,205470,166746,238,0,0,-1,209,0,445,rocketfuel-bb-AS-3967,8,20,16,1,timeout,79,147,0,20727,8,1,False,5265311,144016
269710,141856,214031,171517,212,0,0,-1,157,0,445,rocketfuel-bb-AS-3967,8,20,16,1,timeout,79,147,0,20727,12,1,False,5265311,144016
218460,141856,162280,160325,117,0,0,-1,174,0,445,rocketfuel-bb-AS-3967,8,20,16,1,timeout,79,147,0,20727,15,1,True,5265311,144016
270280,141856,210061,168760,182,0,0,-1,197,0,445,rocketfuel-bb-AS-3967,8,20,16,1,timeout,79,147,0,20727,7,1,True,5265311,144016
261127,141712,203905,159196,261,0,0,-1,153,0,445,rocketfuel-bb-AS-3967,8,20,16,1,timeout,79,147,0,20727,11,1,False,5265311,144016
293074,141856,232742,189705,198,0,0,-1,267,0,445,rocketfuel-bb-AS-3967,8,20,16,1,timeout,79,147,0,20727,6,1,True,5265311,144016
232273,141856,168194,130318,111,0,0,-1,164,0,445,rocketfuel-bb-AS-3967,8,20,16,1,timeout,79,147,0,20727,10,1,False,5265311,144016
266802,141856,216297,180793,87,0,0,-1,172,0,445,rocketfuel-bb-AS-3967,8,20,16,1,timeout,79,147,0,20727,2,1,True,5265311,144016
253932,141856,208383,172381,204,0,0,-1,91,0,445,rocketfuel-bb-AS-3967,8,20,16,1,timeout,79,147,0,20727,14,1,False,5265311,144016
245743,141856,186691,156282,164,0,0,-1,139,0,445,rocketfuel-bb-AS-3967,8,20,16,1,timeout,79,147,0,20727,3,1,False,5265311,144016
360214,255376,150099,148550,145,0,0,-1,63,0,380,rocketfuel-bb-AS-1239,16,20,16,1,timeout,315,972,0,137052,5,1,True,10273126,257392
360214,255376,143145,114269,138,0,0,-1,147,0,403,rocketfuel-bb-AS-1239,16,20,16,1,timeout,315,972,0,137052,5,1,True,10273126,257392
368351,255376,152886,151196,156,0,0,-1,70,0,380,rocketfuel-bb-AS-1239,16,20,16,1,timeout,315,972,0,137052,4,1,False,10273126,257392
368351,255376,139558,138033,183,0,0,-1,47,0,394,rocketfuel-bb-AS-1239,16,20,16,1,timeout,315,972,0,137052,4,1,False,10273126,257392
389749,255376,182815,180749,128,0,0,-1,126,0,380,rocketfuel-bb-AS-1239,16,20,16,1,timeout,315,972,0,137052,9,1,True,10273126,257392
389749,255376,145951,144346,180,0,0,-1,121,0,356,rocketfuel-bb-AS-1239,16,20,16,1,timeout,315,972,0,137052,9,1,True,10273126,257392
658477,255376,191196,189128,138,0,0,-1,131,0,380,rocketfuel-bb-AS-1239,16,20,16,1,timeout,315,972,0,137052,12,1,False,10273126,257392
658477,255376,210374,207834,199,0,0,-1,142,0,352,rocketfuel-bb-AS-1239,16,20,16,1,timeout,315,972,0,137052,12,1,False,10273126,257392
658477,255376,203760,201493,154,0,0,-1,153,0,316,rocketfuel-bb-AS-1239,16,20,16,1,timeout,315,972,0,137052,12,1,False,10273126,257392
536662,255376,174381,172615,153,0,0,-1,127,0,380,rocketfuel-bb-AS-1239,16,20,16,1,timeout,315,972,0,137052,15,1,True,10273126,257392
536662,255376,169074,167845,86,0,0,-1,59,0,356,rocketfuel-bb-AS-1239,16,20,16,1,timeout,315,972,0,137052,15,1,True,10273126,257392
536662,255376,137181,135742,80,0,0,-1,53,0,384,rocketfuel-bb-AS-1239,16,20,16,1,timeout,315,972,0,137052,15,1,True,10273126,257392
691063,255376,231398,185976,212,0,0,-1,213,0,380,rocketfuel-bb-AS-1239,16,20,16,1,timeout,315,972,0,137052,10,1,False,10273126,257392
691063,255376,205627,203135,184,0,0,-1,129,0,407,rocketfuel-bb-AS-1239,16,20,16,1,timeout,315,972,0,137052,10,1,False,10273126,257392
691063,255376,200915,198534,213,0,0,-1,148,0,386,rocketfuel-bb-AS-1239,16,20,16,1,timeout,315,972,0,137052,10,1,False,10273126,257392
267204,255376,206566,204203,176,0,0,-1,147,0,380,rocketfuel-bb-AS-1239,16,20,16,1,timeout,315,972,0,137052,13,1,True,10273126,257392
316098,247360,265512,262971,207,0,0,-1,167,0,466,rocketfuel-bb-AS-1239,4,20,16,1,timeout,315,972,0,137052,5,1,False,10453669,249232
298066,247360,242229,239439,219,0,0,-1,225,0,466,rocketfuel-bb-AS-1239,4,20,16,1,timeout,315,972,0,137052,4,1,True,10453669,249232
320324,247360,234962,232294,165,0,0,-1,178,0,466,rocketfuel-bb-AS-1239,4,20,16,1,timeout,315,972,0,137052,9,1,True,10453669,249232
527953,247216,237017,234587,137,0,0,-1,191,0,466,rocketfuel-bb-AS-1239,4,20,16,1,timeout,315,972,0,137052,8,1,True,10453669,249232
527953,247216,228690,178117,125,0,0,-1,164,0,432,rocketfuel-bb-AS-1239,4,20,16,1,timeout,315,972,0,137052,8,1,True,10453669,249232
543100,247360,231935,229243,156,0,0,-1,179,0,466,rocketfuel-bb-AS-1239,4,20,16,1,timeout,315,972,0,137052,15,1,True,10453669,249232
543100,247360,243769,193501,152,0,0,-1,210,0,445,rocketfuel-bb-AS-1239,4,20,16,1,timeout,315,972,0,137052,15,1,True,10453669,249232
738969,247360,242639,240960,130,0,0,-1,111,0,466,rocketfuel-bb-AS-1239,4,20,16,1,timeout,315,972,0,137052,6,1,False,10453669,249232
738969,247360,220611,217994,175,0,0,-1,165,0,491,rocketfuel-bb-AS-1239,4,20,16,1,timeout,315,972,0,137052,6,1,False,10453669,249232
738969,247360,221483,218998,199,0,0,-1,125,0,456,rocketfuel-bb-AS-1239,4,20,16,1,timeout,315,972,0,137052,6,1,False,10453669,249232
272518,247360,208764,205991,261,0,0,-1,194,0,466,rocketfuel-bb-AS-1239,4,20,16,1,timeout,315,972,0,137052,2,1,True,10453669,249232
328090,247360,266857,264002,163,0,0,-1,278,0,466,rocketfuel-bb-AS-1239,4,20,16,1,timeout,315,972,0,137052,14,1,True,10453669,249232
267015,247360,217241,214487,168,0,0,-1,172,0,466,rocketfuel-bb-AS-1239,4,20,16,1,timeout,315,972,0,137052,3,1,False,10453669,249232
416003,251480,185389,183695,119,0,0,-1,127,0,312,rocketfuel-bb-AS-1239,20,20,16,1,timeout,315,972,0,137052,4,1,False,8150441,253640
416003,251480,177196,146116,152,0,0,-1,121,0,310,rocketfuel-bb-AS-1239,20,20,16,1,timeout,315,972,0,137052,4,1,False,8150441,253640
514165,251480,244845,242931,122,0,0,-1,100,0,312,rocketfuel-bb-AS-1239,20,20,16,1,timeout,315,972,0,137052,1,1,False,8150441,253640
514165,251480,214631,212297,209,0,0,-1,129,0,330,rocketfuel-bb-AS-1239,20,20,16,1,timeout,315,972,0,137052,1,1,False,8150441,253640
217228,251480,159990,158158,153,0,0,-1,133,0,312,rocketfuel-bb-AS-1239,20,20,16,1,timeout,315,972,0,137052,9,1,False,8150441,253640
303889,251480,248795,205486,213,0,0,-1,265,0,312,rocketfuel-bb-AS-1239,20,20,16,1,timeout,315,972,0,137052,8,1,False,8150441,253640
238910,251480,180379,178569,117,0,0,-1,138,0,312,rocketfuel-bb-AS-1239,20,20,16,1,timeout,315,972,0,137052,12,1,True,8150441,253640
226107,251480,173064,171707,84,0,0,-1,71,0,312,rocketfuel-bb-AS-1239,20,20,16,1,timeout,315,972,0,137052,15,1,False,8150441,253640
246670,251480,190295,187828,213,0,0,-1,214,0,312,rocketfuel-bb-AS-1239,20,20,16,1,timeout,315,972,0,137052,7,1,True,8150441,253640
266794,251480,213008,210774,169,0,0,-1,167,0,312,rocketfuel-bb-AS-1239,20,20,16,1,timeout,315,972,0,137052,6,1,False,8150441,253640
480096,251480,197994,165979,172,0,0,-1,244,0,312,rocketfuel-bb-AS-1239,20,20,16,1,timeout,315,972,0,137052,3,1,True,8150441,253640
480096,251480,209374,165372,107,0,0,-1,158,0,378,rocketfuel-bb-AS-1239,20,20,16,1,timeout,315,972,0,137052,3,1,True,8150441,253640
263284,144760,202534,200245,151,0,0,-1,112,0,372,as-733,20,20,16,1,timeout,103,239,0,33699,16,1,True,11493996,146776
374244,144760,160636,158491,125,0,0,-1,197,0,372,as-733,20,20,16,1,timeout,103,239,0,33699,4,1,True,11493996,146776
374244,144760,154880,153018,172,0,0,-1,127,0,368,as-733,20,20,16,1,timeout,103,239,0,33699,4,1,True,11493996,146776
443908,144760,212531,210477,133,0,0,-1,132,0,372,as-733,20,20,16,1,timeout,103,239,0,33699,9,1,True,11493996,146776
443908,144760,179325,153286,116,0,0,-1,123,0,360,as-733,20,20,16,1,timeout,103,239,0,33699,9,1,True,11493996,146776
461683,144760,209424,206828,195,0,0,-1,215,0,372,as-733,20,20,16,1,timeout,103,239,0,33699,12,1,True,11493996,146776
461683,144760,200715,163128,180,0,0,-1,134,0,386,as-733,20,20,16,1,timeout,103,239,0,33699,12,1,True,11493996,146776
468012,144760,232341,229702,212,0,0,-1,166,0,372,as-733,20,20,16,1,timeout,103,239,0,33699,7,1,True,11493996,146776
468012,144760,185727,184293,95,0,0,-1,89,0,332,as-733,20,20,16,1,timeout,103,239,0,33699,7,1,True,11493996,146776
498593,144760,208902,206629,211,0,0,-1,125,0,372,as-733,20,20,16,1,timeout,103,239,0,33699,14,1,True,11493996,146776
498593,144760,228631,226312,168,0,0,-1,101,0,364,as-733,20,20,16,1,timeout,103,239,0,33699,14,1,True,11493996,146776
641934,144760,185621,183253,142,0,0,-1,145,0,372,as-733,20,20,16,1,timeout,103,239,0,33699,13,1,False,11493996,146776
641934,144760,200611,159185,96,0,0,-1,181,0,353,as-733,20,20,16,1,timeout,103,239,0,33699,13,1,False,11493996,146776
641934,144760,201705,162124,109,0,0,-1,151,0,336,as-733,20,20,16,1,timeout,103,239,0,33699,13,1,False,11493996,146776
491395,141668,201660,159873,111,0,0,-1,185,0,262,rocketfuel-bb-AS-1221,8,20,16,1,timeout,108,153,0,21573,16,1,False,8428640,143828
491395,141668,230461,186824,285,0,0,-1,151,0,310,rocketfuel-bb-AS-1221,8,20,16,1,timeout,108,153,0,21573,16,1,False,8428640,143828
310250,141668,254102,204267,199,0,0,-1,189,0,262,rocketfuel-bb-AS-1221,8,20,16,1,timeout,108,153,0,21573,9,1,True,8428640,143828
640265,141668,158961,157639,117,0,0,-1,65,0,262,rocketfuel-bb-AS-1221,8,20,16,1,timeout,108,153,0,21573,12,1,True,8428640,143828
640265,141668,248414,197386,201,0,0,-1,147,0,272,rocketfuel-bb-AS-1221,8,20,16,1,timeout,108,153,0,21573,12,1,True,8428640,143828
640265,141668,177138,140222,175,0,0,-1,219,0,285,rocketfuel-bb-AS-1221,8,20,16,1,timeout,108,153,0,21573,12,1,True,8428640,143828
524808,141668,223800,188557,155,0,0,-1,296,0,262,rocketfuel-bb-AS-1221,8,20,16,1,timeout,108,153,0,21573,7,1,True,8428640,143828
524808,141668,249308,199703,149,0,0,-1,212,0,447,rocketfuel-bb-AS-1221,8,20,16,1,timeout,108,153,0,21573,7,1,True,8428640,143828
670201,141668,181247,148834,127,0,0,-1,244,0,262,rocketfuel-bb-AS-1221,8,20,16,1,timeout,108,153,0,21573,14,1,True,8428640,143828
670201,141668,234385,193122,155,0,0,-1,198,0,382,rocketfuel-bb-AS-1221,8,20,16,1,timeout,108,153,0,21573,14,1,True,8428640,143828
670201,141668,190453,149762,116,0,0,-1,151,0,398,rocketfuel-bb-AS-1221,8,20,16,1,timeout,108,153,0,21573,14,1,True,8428640,143828
241129,141668,184067,182277,159,0,0,-1,118,0,262,rocketfuel-bb-AS-1221,8,20,16,1,timeout,108,153,0,21573,13,1,True,8428640,143828
284013,153824,224423,191102,477,0,0,-1,238,0,322,rocketfuel-bb-AS-3257,20,20,16,1,timeout,161,328,0,46248,16,1,True,8302054,155840
237433,153824,177911,147141,182,0,0,-1,165,0,322,rocketfuel-bb-AS-3257,20,20,16,1,timeout,161,328,0,46248,4,1,True,8302054,155840
247646,153824,190224,153585,104,0,0,-1,171,0,322,rocketfuel-bb-AS-3257,20,20,16,1,timeout,161,328,0,46248,9,1,False,8302054,155840
281999,153824,221071,174717,181,0,0,-1,250,0,322,rocketfuel-bb-AS-3257,20,20,16,1,timeout,161,328,0,46248,12,1,True,8302054,155840
255701,153824,192836,154607,174,0,0,-1,208,0,322,rocketfuel-bb-AS-3257,20,20,16,1,timeout,161,328,0,46248,15,1,True,8302054,155840
482368,153824,234155,186380,288,0,0,-1,194,0,322,rocketfuel-bb-AS-3257,20,20,16,1,timeout,161,328,0,46248,11,1,False,8302054,155840
482368,153824,187288,143896,93,0,0,-1,188,0,327,rocketfuel-bb-AS-3257,20,20,16,1,timeout,161,328,0,46248,11,1,False,8302054,155840
456917,153824,195666,163045,128,0,0,-1,111,0,322,rocketfuel-bb-AS-3257,20,20,16,1,timeout,161,328,0,46248,2,1,True,8302054,155840
456917,153824,200085,148963,142,0,0,-1,205,0,336,rocketfuel-bb-AS-3257,20,20,16,1,timeout,161,328,0,46248,2,1,True,8302054,155840
510238,153824,234771,175521,219,0,0,-1,239,0,322,rocketfuel-bb-AS-3257,20,20,16,1,timeout,161,328,0,46248,14,1,True,8302054,155840
510238,153824,214206,212036,192,0,0,-1,126,0,376,rocketfuel-bb-AS-3257,20,20,16,1,timeout,161,328,0,46248,14,1,True,8302054,155840
689457,153824,195265,164829,180,0,0,-1,180,0,322,rocketfuel-bb-AS-3257,20,20,16,1,timeout,161,328,0,46248,13,1,True,8302054,155840
689457,153824,213162,168562,177,0,0,-1,232,0,309,rocketfuel-bb-AS-3257,20,20,16,1,timeout,161,328,0,46248,13,1,True,8302054,155840
689457,153824,220831,171526,212,0,0,-1,178,0,356,rocketfuel-bb-AS-3257,20,20,16,1,timeout,161,328,0,46248,13,1,True,8302054,155840
240221,142456,182690,147786,195,0,0,-1,223,0,319,rocketfuel-bb-AS-1755,20,20,16,1,timeout,87,161,0,22701,16,1,False,6327657,144472
246043,142312,184076,142647,187,0,0,-1,245,0,319,rocketfuel-bb-AS-1755,20,20,16,1,timeout,87,161,0,22701,1,1,True,6327657,144472
400740,142456,165023,135066,126,0,0,-1,234,0,319,rocketfuel-bb-AS-1755,20,20,16,1,timeout,87,161,0,22701,9,1,True,6327657,144472
400740,142456,182109,143804,152,0,0,-1,171,0,367,rocketfuel-bb-AS-1755,20,20,16,1,timeout,87,161,0,22701,9,1,True,6327657,144472
256888,142456,191845,153290,164,0,0,-1,128,0,319,rocketfuel-bb-AS-1755,20,20,16,1,timeout,87,161,0,22701,15,1,True,6327657,144472
242369,142456,174605,138337,172,0,0,-1,229,0,319,rocketfuel-bb-AS-1755,20,20,16,1,timeout,87,161,0,22701,11,1,True,6327657,144472
454991,142456,212606,173953,189,0,0,-1,232,0,319,rocketfuel-bb-AS-1755,20,20,16,1,timeout,87,161,0,22701,6,1,True,6327657,144472
454991,142456,183799,148634,103,0,0,-1,169,0,361,rocketfuel-bb-AS-1755,20,20,16,1,timeout,87,161,0,22701,6,1,True,6327657,144472
522270,142456,237284,191175,192,0,0,-1,239,0,319,rocketfuel-bb-AS-1755,20,20,16,1,timeout,87,161,0,22701,10,1,True,6327657,144472
522270,142456,223675,179123,133,0,0,-1,204,0,373,rocketfuel-bb-AS-1755,20,20,16,1,timeout,87,161,0,22701,10,1,True,6327657,144472
242355,142456,182345,151124,214,0,0,-1,119,0,319,rocketfuel-bb-AS-1755,20,20,16,1,timeout,87,161,0,22701,2,1,False,6327657,144472
484756,142456,201176,170149,105,0,0,-1,249,0,319,rocketfuel-bb-AS-1755,20,20,16,1,timeout,87,161,0,22701,14,1,True,6327657,144472
484756,142456,211897,168074,140,0,0,-1,185,0,385,rocketfuel-bb-AS-1755,20,20,16,1,timeout,87,161,0,22701,14,1,True,6327657,144472
255481,142456,196082,156220,137,0,0,-1,171,0,319,rocketfuel-bb-AS-1755,20,20,16,1,timeout,87,161,0,22701,3,1,False,6327657,144472
801200,888788,224265,221553,213,0,0,-1,211,0,348,as-733,8,20,16,1,timeout,1470,3131,0,441471,4,1,False,25099474,892224
801200,888788,220857,218247,229,0,0,-1,145,0,380,as-733,8,20,16,1,timeout,1470,3131,0,441471,4,1,False,25099474,892224
801200,888788,249206,245982,190,0,0,-1,0,437,352,as-733,8,20,16,1,timeout,1470,3131,0,441471,4,1,False,25099474,892224
844780,888932,246687,243533,232,0,0,-1,172,0,348,as-733,8,20,16,1,timeout,1470,3131,0,441471,12,1,False,25099474,892224
844780,888932,200937,199016,150,0,0,-1,106,0,337,as-733,8,20,16,1,timeout,1470,3131,0,441471,12,1,False,25099474,892224
844780,888932,262315,260589,192,0,0,-1,0,461,333,as-733,8,20,16,1,timeout,1470,3131,0,441471,12,1,False,25099474,892224
810767,888808,229991,227524,163,0,0,-1,190,0,348,as-733,8,20,16,1,timeout,1470,3131,0,441471,3,1,True,25099474,892224
810767,888808,241894,239068,150,0,0,-1,435,0,356,as-733,8,20,16,1,timeout,1470,3131,0,441471,3,1,True,25099474,892224
810767,888808,234447,231829,286,0,0,-1,0,728,646,as-733,8,20,16,1,timeout,1470,3131,0,441471,3,1,True,25099474,892224
487217,154160,217490,169301,232,0,0,-1,295,0,264,rocketfuel-bb-AS-3257,8,20,16,1,timeout,161,328,0,46248,8,1,True,10503739,156032
487217,154160,208246,161316,162,0,0,-1,134,0,425,rocketfuel-bb-AS-3257,8,20,16,1,timeout,161,328,0,46248,8,1,True,10503739,156032
672441,154160,205627,163814,218,0,0,-1,213,0,264,rocketfuel-bb-AS-3257,8,20,16,1,timeout,161,328,0,46248,15,1,False,10503739,156032
672441,154160,201256,158237,225,0,0,-1,207,0,323,rocketfuel-bb-AS-3257,8,20,16,1,timeout,161,328,0,46248,15,1,False,10503739,156032
672441,154160,207578,166055,179,0,0,-1,137,0,353,rocketfuel-bb-AS-3257,8,20,16,1,timeout,161,328,0,46248,15,1,False,10503739,156032
491881,154160,212899,165825,260,0,0,-1,144,0,264,rocketfuel-bb-AS-3257,8,20,16,1,timeout,161,328,0,46248,7,1,False,10503739,156032
491881,154160,215014,212955,214,0,0,-1,175,0,245,rocketfuel-bb-AS-3257,8,20,16,1,timeout,161,328,0,46248,7,1,False,10503739,156032
502890,154160,229386,227615,202,0,0,-1,91,0,264,rocketfuel-bb-AS-3257,8,20,16,1,timeout,161,328,0,46248,11,1,False,10503739,156032
502890,154160,216454,182098,134,0,0,-1,174,0,275,rocketfuel-bb-AS-3257,8,20,16,1,timeout,161,328,0,46248,11,1,False,10503739,156032
503963,154160,218521,216251,191,0,0,-1,168,0,264,rocketfuel-bb-AS-3257,8,20,16,1,timeout,161,328,0,46248,6,1,True,10503739,156032
503963,154160,219414,182796,227,0,0,-1,96,0,269,rocketfuel-bb-AS-3257,8,20,16,1,timeout,161,328,0,46248,6,1,True,10503739,156032
706990,154160,238511,191230,194,0,0,-1,199,0,264,rocketfuel-bb-AS-3257,8,20,16,1,timeout,161,328,0,46248,13,1,True,10503739,156032
706990,154160,173704,172016,115,0,0,-1,114,0,311,rocketfuel-bb-AS-3257,8,20,16,1,timeout,161,328,0,46248,13,1,True,10503739,156032
706990,154160,233062,184627,221,0,0,-1,178,0,309,rocketfuel-bb-AS-3257,8,20,16,1,timeout,161,328,0,46248,13,1,True,10503739,156032
901356,154160,218651,174764,266,0,0,-1,265,0,264,rocketfuel-bb-AS-3257,8,20,16,1,timeout,161,328,0,46248,3,1,True,10503739,156032
901356,154160,211595,166265,148,0,0,-1,203,0,389,rocketfuel-bb-AS-3257,8,20,16,1,timeout,161,328,0,46248,3,1,True,10503739,156032
901356,154160,231183,187461,163,0,0,-1,173,0,391,rocketfuel-bb-AS-3257,8,20,16,1,timeout,161,328,0,46248,3,1,True,10503739,156032
901356,154160,186376,157885,143,0,0,-1,153,0,351,rocketfuel-bb-AS-3257,8,20,16,1,timeout,161,328,0,46248,3,1,True,10503739,156032
274879,141932,214322,169584,188,0,0,-1,238,0,391,rocketfuel-bb-AS-1221,4,20,16,1,timeout,108,153,0,21573,5,1,True,7817231,143948
200660,141932,153057,124316,218,0,0,-1,155,0,391,rocketfuel-bb-AS-1221,4,20,16,1,timeout,108,153,0,21573,12,1,True,7817231,143948
438970,141932,215911,176542,166,0,0,-1,257,0,391,rocketfuel-bb-AS-1221,4,20,16,1,timeout,108,153,0,21573,7,1,True,7817231,143948
438970,141932,168257,166904,79,0,0,-1,71,0,436,rocketfuel-bb-AS-1221,4,20,16,1,timeout,108,153,0,21573,7,1,True,7817231,143948
475500,141932,222978,220523,199,0,0,-1,182,0,391,rocketfuel-bb-AS-1221,4,20,16,1,timeout,108,153,0,21573,6,1,True,7817231,143948
475500,141932,186718,156344,180,0,0,-1,106,0,351,rocketfuel-bb-AS-1221,4,20,16,1,timeout,108,153,0,21573,6,1,True,7817231,143948
839163,141932,195550,166160,126,0,0,-1,147,0,391,rocketfuel-bb-AS-1221,4,20,16,1,timeout,108,153,0,21573,3,1,True,7817231,143948
839163,141932,171656,142880,289,0,0,-1,121,0,380,rocketfuel-bb-AS-1221,4,20,16,1,timeout,108,153,0,21573,3,1,True,7817231,143948
839163,141932,190561,147098,174,0,0,-1,194,0,380,rocketfuel-bb-AS-1221,4,20,16,1,timeout,108,153,0,21573,3,1,True,7817231,143948
839163,141932,227554,184847,236,0,0,-1,229,0,375,rocketfuel-bb-AS-1221,4,20,16,1,timeout,108,153,0,21573,3,1,True,7817231,143948
255636,141972,197325,160192,212,0,0,-1,208,0,324,rocketfuel-bb-AS-3967,16,20,16,1,timeout,79,147,0,20727,5,1,True,4477401,144276
277062,141828,222098,180323,216,0,0,-1,174,0,324,rocketfuel-bb-AS-3967,16,20,16,1,timeout,79,147,0,20727,4,1,False,4477401,144276
245686,141828,178140,142247,118,0,0,-1,143,0,324,rocketfuel-bb-AS-3967,16,20,16,1,timeout,79,147,0,20727,1,1,True,4477401,144276
284868,141828,230083,182314,187,0,0,-1,223,0,324,rocketfuel-bb-AS-3967,16,20,16,1,timeout,79,147,0,20727,9,1,False,4477401,144276
486832,141972,209350,165252,196,0,0,-1,243,0,324,rocketfuel-bb-AS-3967,16,20,16,1,timeout,79,147,0,20727,7,1,False,4477401,144276
486832,141972,217153,181526,145,0,0,-1,189,0,415,rocketfuel-bb-AS-3967,16,20,16,1,timeout,79,147,0,20727,7,1,False,4477401,144276
226779,142116,175546,139203,185,0,0,-1,125,0,324,rocketfuel-bb-AS-3967,16,20,16,1,timeout,79,147,0,20727,11,1,True,4477401,144276
284770,141972,228273,189964,204,0,0,-1,212,0,324,rocketfuel-bb-AS-3967,16,20,16,1,timeout,79,147,0,20727,6,1,True,4477401,144276
269115,141972,200096,172896,144,0,0,-1,217,0,324,rocketfuel-bb-AS-3967,16,20,16,1,timeout,79,147,0,20727,2,1,True,4477401,144276
238574,141972,182207,137322,218,0,0,-1,194,0,324,rocketfuel-bb-AS-3967,16,20,16,1,timeout,79,147,0,20727,3,1,False,4477401,144276
560145,824644,231369,228983,140,0,0,-1,179,0,308,as-733,16,20,16,1,timeout,1470,3131,0,441471,16,1,False,37284176,827712
560145,824644,222174,220750,208,0,0,-1,0,394,307,as-733,16,20,16,1,timeout,1470,3131,0,441471,16,1,False,37284176,827712
599173,824644,229360,226819,165,0,0,-1,172,0,308,as-733,16,20,16,1,timeout,1470,3131,0,441471,4,1,False,37284176,827712
599173,824644,263408,260058,388,0,0,-1,0,377,295,as-733,16,20,16,1,timeout,1470,3131,0,441471,4,1,False,37284176,827712
766553,824540,218979,216861,117,0,0,-1,139,0,308,as-733,16,20,16,1,timeout,1470,3131,0,441471,1,1,True,37284176,827712
766553,824540,204337,202972,99,0,0,-1,0,383,295,as-733,16,20,16,1,timeout,1470,3131,0,441471,1,1,True,37284176,827712
766553,824540,223398,221181,180,0,0,-1,141,0,295,as-733,16,20,16,1,timeout,1470,3131,0,441471,1,1,True,37284176,827712
579126,824656,203927,201685,154,0,0,-1,168,0,308,as-733,16,20,16,1,timeout,1470,3131,0,441471,9,1,False,37284176,827712
579126,824656,266592,263303,215,0,0,-1,0,371,290,as-733,16,20,16,1,timeout,1470,3131,0,441471,9,1,False,37284176,827712
498983,824644,182228,179761,121,0,0,-1,235,0,308,as-733,16,20,16,1,timeout,1470,3131,0,441471,12,1,False,37284176,827712
498983,824644,211937,208543,228,0,0,-1,0,449,368,as-733,16,20,16,1,timeout,1470,3131,0,441471,12,1,False,37284176,827712
724350,824684,222393,219961,156,0,0,-1,142,0,308,as-733,16,20,16,1,timeout,1470,3131,0,441471,15,1,False,37284176,827712
724350,824684,204535,202701,102,0,0,-1,313,0,295,as-733,16,20,16,1,timeout,1470,3131,0,441471,15,1,False,37284176,827712
724350,824684,191868,189319,240,0,0,-1,165,0,456,as-733,16,20,16,1,timeout,1470,3131,0,441471,15,1,False,37284176,827712
528677,824644,189415,186958,192,0,0,-1,144,0,308,as-733,16,20,16,1,timeout,1470,3131,0,441471,10,1,True,37284176,827712
528677,824644,222638,219962,264,0,0,-1,0,428,291,as-733,16,20,16,1,timeout,1470,3131,0,441471,10,1,True,37284176,827712
565482,824656,216697,214582,107,0,0,-1,94,0,308,as-733,16,20,16,1,timeout,1470,3131,0,441471,14,1,False,37284176,827712
565482,824656,246193,243346,102,0,0,-1,0,410,326,as-733,16,20,16,1,timeout,1470,3131,0,441471,14,1,False,37284176,827712
543259,824664,200235,198285,128,0,0,-1,102,0,308,as-733,16,20,16,1,timeout,1470,3131,0,441471,3,1,True,37284176,827712
543259,824664,224238,220730,431,0,0,-1,0,445,322,as-733,16,20,16,1,timeout,1470,3131,0,441471,3,1,True,37284176,827712
251408,141468,188978,151892,112,0,0,-1,228,0,365,rocketfuel-bb-AS-1221,20,20,16,1,timeout,108,153,0,21573,4,1,True,8395719,143628
748277,141468,221691,181085,181,0,0,-1,231,0,365,rocketfuel-bb-AS-1221,20,20,16,1,timeout,108,153,0,21573,1,1,False,8395719,143628
748277,141468,235926,190039,201,0,0,-1,155,0,385,rocketfuel-bb-AS-1221,20,20,16,1,timeout,108,153,0,21573,1,1,False,8395719,143628
748277,141468,232586,190448,162,0,0,-1,125,0,378,rocketfuel-bb-AS-1221,20,20,16,1,timeout,108,153,0,21573,1,1,False,8395719,143628
242180,141468,193636,191277,161,0,0,-1,151,0,365,rocketfuel-bb-AS-1221,20,20,16,1,timeout,108,153,0,21573,9,1,False,8395719,143628
277818,141468,224699,185391,176,0,0,-1,175,0,365,rocketfuel-bb-AS-1221,20,20,16,1,timeout,108,153,0,21573,12,1,True,8395719,143628
245350,141468,186622,184003,167,0,0,-1,205,0,365,rocketfuel-bb-AS-1221,20,20,16,1,timeout,108,153,0,21573,15,1,False,8395719,143628
498004,141468,237127,201690,290,0,0,-1,141,0,365,rocketfuel-bb-AS-1221,20,20,16,1,timeout,108,153,0,21573,6,1,True,8395719,143628
498004,141468,209095,181939,275,0,0,-1,123,0,358,rocketfuel-bb-AS-1221,20,20,16,1,timeout,108,153,0,21573,6,1,True,8395719,143628
698423,141468,176632,174133,239,0,0,-1,153,0,365,rocketfuel-bb-AS-1221,20,20,16,1,timeout,108,153,0,21573,10,1,False,8395719,143628
698423,141468,231031,199478,103,0,0,-1,118,0,350,rocketfuel-bb-AS-1221,20,20,16,1,timeout,108,153,0,21573,10,1,False,8395719,143628
698423,141468,237842,196434,262,0,0,-1,169,0,359,rocketfuel-bb-AS-1221,20,20,16,1,timeout,108,153,0,21573,10,1,False,8395719,143628
232302,141468,175879,173432,220,0,0,-1,169,0,365,rocketfuel-bb-AS-1221,20,20,16,1,timeout,108,153,0,21573,2,1,False,8395719,143628
263211,141468,204623,202048,182,0,0,-1,167,0,365,rocketfuel-bb-AS-1221,20,20,16,1,timeout,108,153,0,21573,14,1,True,8395719,143628
499997,141468,217092,176892,140,0,0,-1,239,0,365,rocketfuel-bb-AS-1221,20,20,16,1,timeout,108,153,0,21573,13,1,True,8395719,143628
499997,141468,219777,176160,173,0,0,-1,156,0,396,rocketfuel-bb-AS-1221,20,20,16,1,timeout,108,153,0,21573,13,1,True,8395719,143628
286689,141468,228141,180824,193,0,0,-1,220,0,365,rocketfuel-bb-AS-1221,20,20,16,1,timeout,108,153,0,21573,3,1,True,8395719,143628
463080,145344,198116,195844,210,0,0,-1,180,0,360,as-733,4,20,16,1,timeout,103,239,0,33699,4,1,False,11435585,147504
463080,145344,209513,207568,190,0,0,-1,97,0,344,as-733,4,20,16,1,timeout,103,239,0,33699,4,1,False,11435585,147504
457184,145200,180710,178366,213,0,0,-1,137,0,360,as-733,4,20,16,1,timeout,103,239,0,33699,8,1,True,11435585,147504
457184,145200,220423,171809,162,0,0,-1,152,0,341,as-733,4,20,16,1,timeout,103,239,0,33699,8,1,True,11435585,147504
451752,145344,182968,180730,160,0,0,-1,139,0,360,as-733,4,20,16,1,timeout,103,239,0,33699,12,1,False,11435585,147504
451752,145344,222538,220503,108,0,0,-1,126,0,341,as-733,4,20,16,1,timeout,103,239,0,33699,12,1,False,11435585,147504
499163,145344,195069,193026,130,0,0,-1,135,0,360,as-733,4,20,16,1,timeout,103,239,0,33699,15,1,True,11435585,147504
499163,145344,230689,187508,142,0,0,-1,154,0,340,as-733,4,20,16,1,timeout,103,239,0,33699,15,1,True,11435585,147504
232688,145344,167111,165123,109,0,0,-1,140,0,360,as-733,4,20,16,1,timeout,103,239,0,33699,7,1,True,11435585,147504
444185,145344,210007,207750,174,0,0,-1,146,0,360,as-733,4,20,16,1,timeout,103,239,0,33699,6,1,False,11435585,147504
444185,145344,184022,153810,109,0,0,-1,165,0,333,as-733,4,20,16,1,timeout,103,239,0,33699,6,1,False,11435585,147504
694131,145200,214807,212515,188,0,0,-1,172,0,360,as-733,4,20,16,1,timeout,103,239,0,33699,3,1,True,11435585,147504
694131,145200,228618,226467,185,0,0,-1,130,0,337,as-733,4,20,16,1,timeout,103,239,0,33699,3,1,True,11435585,147504
694131,145200,197361,166397,105,0,0,-1,96,0,331,as-733,4,20,16,1,timeout,103,239,0,33699,3,1,True,11435585,147504
281700,141828,221866,219480,229,0,0,-1,192,0,307,rocketfuel-bb-AS-3967,20,20,16,1,timeout,79,147,0,20727,16,1,False,5650096,143988
296065,141972,244790,212418,99,0,0,-1,323,0,307,rocketfuel-bb-AS-3967,20,20,16,1,timeout,79,147,0,20727,5,1,False,5650096,143988
241122,141972,184289,141024,186,0,0,-1,211,0,307,rocketfuel-bb-AS-3967,20,20,16,1,timeout,79,147,0,20727,9,1,True,5650096,143988
292015,141972,229347,187630,532,0,0,-1,244,0,307,rocketfuel-bb-AS-3967,20,20,16,1,timeout,79,147,0,20727,8,1,True,5650096,143988
284845,141972,209539,168506,153,0,0,-1,204,0,307,rocketfuel-bb-AS-3967,20,20,16,1,timeout,79,147,0,20727,12,1,True,5650096,143988
491812,141972,184236,142131,163,0,0,-1,252,0,307,rocketfuel-bb-AS-3967,20,20,16,1,timeout,79,147,0,20727,15,1,True,5650096,143988
491812,141972,257331,211295,294,0,0,-1,189,0,379,rocketfuel-bb-AS-3967,20,20,16,1,timeout,79,147,0,20727,15,1,True,5650096,143988
276486,141972,218851,180984,178,0,0,-1,169,0,307,rocketfuel-bb-AS-3967,20,20,16,1,timeout,79,147,0,20727,7,1,False,5650096,143988
257596,141972,198586,158856,154,0,0,-1,222,0,307,rocketfuel-bb-AS-3967,20,20,16,1,timeout,79,147,0,20727,11,1,True,5650096,143988
279111,141972,221593,175466,223,0,0,-1,209,0,307,rocketfuel-bb-AS-3967,20,20,16,1,timeout,79,147,0,20727,6,1,True,5650096,143988
265639,141972,207572,165720,138,0,0,-1,214,0,307,rocketfuel-bb-AS-3967,20,20,16,1,timeout,79,147,0,20727,10,1,True,5650096,143988
686187,948416,192686,190910,205,0,0,-1,60,0,432,as-733,12,20,16,1,timeout,1470,3131,0,441471,4,1,False,38663638,951552
686187,948416,183800,181705,114,0,0,-1,335,0,470,as-733,12,20,16,1,timeout,1470,3131,0,441471,4,1,False,38663638,951552
686187,948416,198251,195918,173,0,0,-1,0,753,627,as-733,12,20,16,1,timeout,1470,3131,0,441471,4,1,False,38663638,951552
788081,948388,252927,250193,192,0,0,-1,183,0,432,as-733,12,20,16,1,timeout,1470,3131,0,441471,9,1,False,38663638,951552
788081,948388,195274,192728,238,0,0,-1,394,0,394,as-733,12,20,16,1,timeout,1470,3131,0,441471,9,1,False,38663638,951552
788081,948388,226896,224240,197,0,0,-1,0,757,613,as-733,12,20,16,1,timeout,1470,3131,0,441471,9,1,False,38663638,951552
764194,948560,215085,212439,172,0,0,-1,179,0,432,as-733,12,20,16,1,timeout,1470,3131,0,441471,12,1,False,38663638,951552
764194,948560,222134,219754,216,0,0,-1,314,0,388,as-733,12,20,16,1,timeout,1470,3131,0,441471,12,1,False,38663638,951552
764194,948560,205900,203690,164,0,0,-1,143,0,511,as-733,12,20,16,1,timeout,1470,3131,0,441471,12,1,False,38663638,951552
719206,948416,243226,240666,222,0,0,-1,125,0,432,as-733,12,20,16,1,timeout,1470,3131,0,441471,15,1,True,38663638,951552
719206,948416,170868,169116,97,0,0,-1,168,0,418,as-733,12,20,16,1,timeout,1470,3131,0,441471,15,1,True,38663638,951552
719206,948416,194196,191769,223,0,0,-1,225,0,374,as-733,12,20,16,1,timeout,1470,3131,0,441471,15,1,True,38663638,951552
703783,948560,233773,231178,152,0,0,-1,144,0,432,as-733,12,20,16,1,timeout,1470,3131,0,441471,6,1,True,38663638,951552
703783,948560,181074,179462,132,0,0,-1,374,0,407,as-733,12,20,16,1,timeout,1470,3131,0,441471,6,1,True,38663638,951552
703783,948560,172507,170548,157,0,0,-1,129,0,603,as-733,12,20,16,1,timeout,1470,3131,0,441471,6,1,True,38663638,951552
801581,948532,219271,217693,135,0,0,-1,59,0,432,as-733,12,20,16,1,timeout,1470,3131,0,441471,14,1,True,38663638,951552
801581,948532,203741,202171,128,0,0,-1,0,560,470,as-733,12,20,16,1,timeout,1470,3131,0,441471,14,1,True,38663638,951552
801581,948532,264376,262321,258,0,0,-1,0,552,470,as-733,12,20,16,1,timeout,1470,3131,0,441471,14,1,True,38663638,951552
224486,141952,174196,143502,201,0,0,-1,250,0,220,rocketfuel-bb-AS-1755,8,20,16,1,timeout,87,161,0,22701,5,1,True,5630707,144112
389537,141952,162554,128298,147,0,0,-1,165,0,220,rocketfuel-bb-AS-1755,8,20,16,1,timeout,87,161,0,22701,4,1,False,5630707,144112
389537,141952,175982,141671,190,0,0,-1,121,0,261,rocketfuel-bb-AS-1755,8,20,16,1,timeout,87,161,0,22701,4,1,False,5630707,144112
197863,141952,142247,114824,110,0,0,-1,118,0,220,rocketfuel-bb-AS-1755,8,20,16,1,timeout,87,161,0,22701,1,1,True,5630707,144112
388911,141952,190644,153953,477,0,0,-1,175,0,220,rocketfuel-bb-AS-1755,8,20,16,1,timeout,87,161,0,22701,12,1,False,5630707,144112
388911,141952,151229,124577,165,0,0,-1,125,0,273,rocketfuel-bb-AS-1755,8,20,16,1,timeout,87,161,0,22701,12,1,False,5630707,144112
204385,141952,154043,127970,287,0,0,-1,189,0,220,rocketfuel-bb-AS-1755,8,20,16,1,timeout,87,161,0,22701,7,1,True,5630707,144112
218703,141952,169566,143568,116,0,0,-1,119,0,220,rocketfuel-bb-AS-1755,8,20,16,1,timeout,87,161,0,22701,13,1,False,5630707,144112
507031,833696,197086,195362,186,0,0,-1,89,0,426,as-733,20,20,16,1,timeout,1470,3131,0,441471,4,1,True,26075790,836784
507031,833696,193188,191642,118,0,0,-1,0,573,444,as-733,20,20,16,1,timeout,1470,3131,0,441471,4,1,True,26075790,836784
552283,833660,231254,226912,567,0,0,-1,278,0,426,as-733,20,20,16,1,timeout,1470,3131,0,441471,1,1,False,26075790,836784
552283,833660,206584,203733,210,0,0,-1,0,635,496,as-733,20,20,16,1,timeout,1470,3131,0,441471,1,1,False,26075790,836784
785760,833524,256194,253644,211,0,0,-1,134,0,426,as-733,20,20,16,1,timeout,1470,3131,0,441471,9,1,True,26075790,836784
785760,833524,213784,211641,121,0,0,-1,196,0,413,as-733,20,20,16,1,timeout,1470,3131,0,441471,9,1,True,26075790,836784
785760,833524,188122,185897,167,0,0,-1,146,0,398,as-733,20,20,16,1,timeout,1470,3131,0,441471,9,1,True,26075790,836784
556295,833696,221753,218201,185,0,0,-1,142,0,426,as-733,20,20,16,1,timeout,1470,3131,0,441471,11,1,True,26075790,836784
556295,833696,232280,230233,104,0,0,-1,0,502,405,as-733,20,20,16,1,timeout,1470,3131,0,441471,11,1,True,26075790,836784
553278,833516,223076,220140,210,0,0,-1,201,0,426,as-733,20,20,16,1,timeout,1470,3131,0,441471,10,1,True,26075790,836784
553278,833516,221315,219967,169,0,0,-1,0,496,406,as-733,20,20,16,1,timeout,1470,3131,0,441471,10,1,True,26075790,836784
229894,142224,179024,148798,144,0,0,-1,240,0,306,rocketfuel-bb-AS-3967,4,20,16,1,timeout,79,147,0,20727,16,1,True,5230965,144096
296775,142224,235517,194106,158,0,0,-1,430,0,306,rocketfuel-bb-AS-3967,4,20,16,1,timeout,79,147,0,20727,5,1,False,5230965,144096
314219,142224,245079,206849,192,0,0,-1,242,0,306,rocketfuel-bb-AS-3967,4,20,16,1,timeout,79,147,0,20727,1,1,True,5230965,144096
268121,142224,203845,160392,147,0,0,-1,223,0,306,rocketfuel-bb-AS-3967,4,20,16,1,timeout,79,147,0,20727,8,1,False,5230965,144096
271320,142080,213661,173262,241,0,0,-1,236,0,306,rocketfuel-bb-AS-3967,4,20,16,1,timeout,79,147,0,20727,12,1,False,5230965,144096
247770,142080,196033,160043,369,0,0,-1,219,0,306,rocketfuel-bb-AS-3967,4,20,16,1,timeout,79,147,0,20727,7,1,True,5230965,144096
206249,142224,148770,122131,172,0,0,-1,150,0,306,rocketfuel-bb-AS-3967,4,20,16,1,timeout,79,147,0,20727,11,1,True,5230965,144096
286773,142224,222658,177607,188,0,0,-1,247,0,306,rocketfuel-bb-AS-3967,4,20,16,1,timeout,79,147,0,20727,6,1,True,5230965,144096
254406,142080,206213,165434,206,0,0,-1,156,0,306,rocketfuel-bb-AS-3967,4,20,16,1,timeout,79,147,0,20727,10,1,True,5230965,144096
231041,142224,175763,145641,109,0,0,-1,263,0,306,rocketfuel-bb-AS-3967,4,20,16,1,timeout,79,147,0,20727,2,1,False,5230965,144096
241827,142080,184712,144107,84,0,0,-1,189,0,306,rocketfuel-bb-AS-3967,4,20,16,1,timeout,79,147,0,20727,14,1,False,5230965,144096
290125,142224,229602,191822,210,0,0,-1,235,0,306,rocketfuel-bb-AS-3967,4,20,16,1,timeout,79,147,0,20727,13,1,True,5230965,144096
326138,803252,208223,205722,166,0,0,-1,0,465,351,as-733,4,20,16,1,timeout,1470,3131,0,441471,4,1,False,36186676,806688
595575,803396,245322,242974,188,0,0,-1,321,0,351,as-733,4,20,16,1,timeout,1470,3131,0,441471,9,1,False,36186676,806688
595575,803396,243874,241935,278,0,0,-1,0,598,515,as-733,4,20,16,1,timeout,1470,3131,0,441471,9,1,False,36186676,806688
707295,803396,232664,230986,131,0,0,-1,325,0,351,as-733,4,20,16,1,timeout,1470,3131,0,441471,15,1,True,36186676,806688
707295,803396,181972,180283,122,0,0,-1,280,0,515,as-733,4,20,16,1,timeout,1470,3131,0,441471,15,1,True,36186676,806688
707295,803396,179670,177137,193,0,0,-1,141,0,559,as-733,4,20,16,1,timeout,1470,3131,0,441471,15,1,True,36186676,806688
368118,803396,262443,260562,150,0,0,-1,0,484,351,as-733,4,20,16,1,timeout,1470,3131,0,441471,7,1,True,36186676,806688
619607,803396,254946,252487,173,0,0,-1,0,502,351,as-733,4,20,16,1,timeout,1470,3131,0,441471,11,1,True,36186676,806688
619607,803396,247653,245457,182,0,0,-1,0,436,351,as-733,4,20,16,1,timeout,1470,3131,0,441471,11,1,True,36186676,806688
545446,803396,233993,232122,140,0,0,-1,417,0,351,as-733,4,20,16,1,timeout,1470,3131,0,441471,10,1,False,36186676,806688
545446,803396,199826,197110,158,0,0,-1,141,0,629,as-733,4,20,16,1,timeout,1470,3131,0,441471,10,1,False,36186676,806688
330583,803396,219770,216785,180,0,0,-1,0,482,351,as-733,4,20,16,1,timeout,1470,3131,0,441471,2,1,False,36186676,806688
564157,803252,252750,249987,216,0,0,-1,300,0,351,as-733,4,20,16,1,timeout,1470,3131,0,441471,14,1,False,36186676,806688
564157,803252,202909,200222,171,0,0,-1,181,0,485,as-733,4,20,16,1,timeout,1470,3131,0,441471,14,1,False,36186676,806688
352956,803396,249199,247418,141,0,0,-1,0,507,351,as-733,4,20,16,1,timeout,1470,3131,0,441471,3,1,True,36186676,806688
456043,142220,194766,152536,185,0,0,-1,199,0,316,rocketfuel-bb-AS-1755,12,20,16,1,timeout,87,161,0,22701,9,1,False,7049640,144092
456043,142220,201123,165137,159,0,0,-1,189,0,334,rocketfuel-bb-AS-1755,12,20,16,1,timeout,87,161,0,22701,9,1,False,7049640,144092
476256,142220,191700,159066,116,0,0,-1,162,0,316,rocketfuel-bb-AS-1755,12,20,16,1,timeout,87,161,0,22701,8,1,True,7049640,144092
476256,142220,231010,200580,197,0,0,-1,157,0,292,rocketfuel-bb-AS-1755,12,20,16,1,timeout,87,161,0,22701,8,1,True,7049640,144092
494634,142220,213175,165742,219,0,0,-1,230,0,316,rocketfuel-bb-AS-1755,12,20,16,1,timeout,87,161,0,22701,12,1,False,7049640,144092
494634,142220,218117,186538,141,0,0,-1,140,0,370,rocketfuel-bb-AS-1755,12,20,16,1,timeout,87,161,0,22701,12,1,False,7049640,144092
303368,142076,236918,188689,203,0,0,-1,226,0,316,rocketfuel-bb-AS-1755,12,20,16,1,timeout,87,161,0,22701,15,1,True,7049640,144092
253970,142220,200882,171226,126,0,0,-1,165,0,316,rocketfuel-bb-AS-1755,12,20,16,1,timeout,87,161,0,22701,11,1,False,7049640,144092
241861,142220,192804,151585,194,0,0,-1,128,0,316,rocketfuel-bb-AS-1755,12,20,16,1,timeout,87,161,0,22701,6,1,False,7049640,144092
473601,142220,189669,165283,139,0,0,-1,168,0,316,rocketfuel-bb-AS-1755,12,20,16,1,timeout,87,161,0,22701,10,1,False,7049640,144092
473601,142220,215469,177858,150,0,0,-1,159,0,298,rocketfuel-bb-AS-1755,12,20,16,1,timeout,87,161,0,22701,10,1,False,7049640,144092
254367,142220,200746,161039,118,0,0,-1,196,0,316,rocketfuel-bb-AS-1755,12,20,16,1,timeout,87,161,0,22701,2,1,True,7049640,144092
260880,142220,200500,156719,213,0,0,-1,250,0,316,rocketfuel-bb-AS-1755,12,20,16,1,timeout,87,161,0,22701,14,1,True,7049640,144092
281948,142220,228597,183643,324,0,0,-1,210,0,316,rocketfuel-bb-AS-1755,12,20,16,1,timeout,87,161,0,22701,13,1,True,7049640,144092
228882,142220,167422,134213,170,0,0,-1,149,0,316,rocketfuel-bb-AS-1755,12,20,16,1,timeout,87,161,0,22701,3,1,False,7049640,144092
291162,141652,234310,231931,198,0,0,-1,169,0,346,rocketfuel-bb-AS-1221,12,20,16,1,timeout,108,153,0,21573,4,1,False,10934069,143668
698600,141508,212893,159272,150,0,0,-1,170,0,346,rocketfuel-bb-AS-1221,12,20,16,1,timeout,108,153,0,21573,9,1,True,10934069,143668
698600,141508,201733,162644,124,0,0,-1,193,0,316,rocketfuel-bb-AS-1221,12,20,16,1,timeout,108,153,0,21573,9,1,True,10934069,143668
698600,141508,221284,176519,105,0,0,-1,248,0,321,rocketfuel-bb-AS-1221,12,20,16,1,timeout,108,153,0,21573,9,1,True,10934069,143668
468589,141508,191290,188662,186,0,0,-1,142,0,346,rocketfuel-bb-AS-1221,12,20,16,1,timeout,108,153,0,21573,12,1,True,10934069,143668
468589,141508,214552,181476,268,0,0,-1,155,0,332,rocketfuel-bb-AS-1221,12,20,16,1,timeout,108,153,0,21573,12,1,True,10934069,143668
448402,141652,200035,197225,223,0,0,-1,208,0,346,rocketfuel-bb-AS-1221,12,20,16,1,timeout,108,153,0,21573,7,1,False,10934069,143668
448402,141652,191937,161155,115,0,0,-1,223,0,359,rocketfuel-bb-AS-1221,12,20,16,1,timeout,108,153,0,21573,7,1,False,10934069,143668
519209,141652,221802,182107,427,0,0,-1,267,0,346,rocketfuel-bb-AS-1221,12,20,16,1,timeout,108,153,0,21573,11,1,False,10934069,143668
519209,141652,238448,194738,143,0,0,-1,190,0,431,rocketfuel-bb-AS-1221,12,20,16,1,timeout,108,153,0,21573,11,1,False,10934069,143668
486621,141652,235935,189239,366,0,0,-1,177,0,346,rocketfuel-bb-AS-1221,12,20,16,1,timeout,108,153,0,21573,6,1,False,10934069,143668
486621,141652,194017,192504,145,0,0,-1,74,0,323,rocketfuel-bb-AS-1221,12,20,16,1,timeout,108,153,0,21573,6,1,False,10934069,143668
429477,141652,195073,192712,158,0,0,-1,159,0,346,rocketfuel-bb-AS-1221,12,20,16,1,timeout,108,153,0,21573,14,1,False,10934069,143668
429477,141652,173897,148211,115,0,0,-1,68,0,320,rocketfuel-bb-AS-1221,12,20,16,1,timeout,108,153,0,21573,14,1,False,10934069,143668
688927,141652,209506,207313,162,0,0,-1,141,0,346,rocketfuel-bb-AS-1221,12,20,16,1,timeout,108,153,0,21573,13,1,False,10934069,143668
688927,141652,220989,186254,211,0,0,-1,169,0,331,rocketfuel-bb-AS-1221,12,20,16,1,timeout,108,153,0,21573,13,1,False,10934069,143668
688927,141652,194833,162532,154,0,0,-1,103,0,307,rocketfuel-bb-AS-1221,12,20,16,1,timeout,108,153,0,21573,13,1,False,10934069,143668
481728,152932,218407,215899,201,0,0,-1,185,0,322,rocketfuel-bb-AS-3257,4,20,16,1,timeout,161,328,0,46248,5,1,False,8911964,155092
481728,152932,211121,164439,177,0,0,-1,213,0,321,rocketfuel-bb-AS-3257,4,20,16,1,timeout,161,328,0,46248,5,1,False,8911964,155092
485878,152932,223753,181838,156,0,0,-1,201,0,322,rocketfuel-bb-AS-3257,4,20,16,1,timeout,161,328,0,46248,9,1,False,8911964,155092
485878,152932,200484,198017,213,0,0,-1,144,0,334,rocketfuel-bb-AS-3257,4,20,16,1,timeout,161,328,0,46248,9,1,False,8911964,155092
449521,152932,193426,191242,158,0,0,-1,164,0,322,rocketfuel-bb-AS-3257,4,20,16,1,timeout,161,328,0,46248,8,1,False,8911964,155092
449521,152932,197321,195254,188,0,0,-1,128,0,292,rocketfuel-bb-AS-3257,4,20,16,1,timeout,161,328,0,46248,8,1,False,8911964,155092
512047,152932,236043,196137,226,0,0,-1,285,0,322,rocketfuel-bb-AS-3257,4,20,16,1,timeout,161,328,0,46248,12,1,False,8911964,155092
512047,152932,226549,179484,210,0,0,-1,194,0,436,rocketfuel-bb-AS-3257,4,20,16,1,timeout,161,328,0,46248,12,1,False,8911964,155092
446322,152932,186072,151768,186,0,0,-1,195,0,322,rocketfuel-bb-AS-3257,4,20,16,1,timeout,161,328,0,46248,15,1,False,8911964,155092
446322,152932,191210,189105,178,0,0,-1,101,0,328,rocketfuel-bb-AS-3257,4,20,16,1,timeout,161,328,0,46248,15,1,False,8911964,155092
430884,152932,194374,149851,151,0,0,-1,230,0,322,rocketfuel-bb-AS-3257,4,20,16,1,timeout,161,328,0,46248,7,1,True,8911964,155092
430884,152932,177469,144656,126,0,0,-1,143,0,370,rocketfuel-bb-AS-3257,4,20,16,1,timeout,161,328,0,46248,7,1,True,8911964,155092
510937,152932,211118,166432,151,0,0,-1,236,0,322,rocketfuel-bb-AS-3257,4,20,16,1,timeout,161,328,0,46248,13,1,False,8911964,155092
510937,152932,240397,237979,178,0,0,-1,116,0,376,rocketfuel-bb-AS-3257,4,20,16,1,timeout,161,328,0,46248,13,1,False,8911964,155092
246053,142284,186295,141921,163,0,0,-1,210,0,343,rocketfuel-bb-AS-1755,16,20,16,1,timeout,87,161,0,22701,16,1,True,5975858,144444
502807,142284,238431,236057,203,0,0,-1,176,0,343,rocketfuel-bb-AS-1755,16,20,16,1,timeout,87,161,0,22701,9,1,True,5975858,144444
502807,142284,206321,169334,135,0,0,-1,237,0,313,rocketfuel-bb-AS-1755,16,20,16,1,timeout,87,161,0,22701,9,1,True,5975858,144444
212161,142284,154730,125390,210,0,0,-1,117,0,343,rocketfuel-bb-AS-1755,16,20,16,1,timeout,87,161,0,22701,15,1,True,5975858,144444
303926,142140,246985,199989,148,0,0,-1,251,0,343,rocketfuel-bb-AS-1755,16,20,16,1,timeout,87,161,0,22701,7,1,False,5975858,144444
250057,142284,200309,154822,139,0,0,-1,221,0,343,rocketfuel-bb-AS-1755,16,20,16,1,timeout,87,161,0,22701,6,1,True,5975858,144444
307758,142284,238883,190559,233,0,0,-1,252,0,343,rocketfuel-bb-AS-1755,16,20,16,1,timeout,87,161,0,22701,10,1,True,5975858,144444
274755,142284,219740,188441,145,0,0,-1,189,0,343,rocketfuel-bb-AS-1755,16,20,16,1,timeout,87,161,0,22701,2,1,True,5975858,144444
226610,142140,160549,137423,110,0,0,-1,101,0,343,rocketfuel-bb-AS-1755,16,20,16,1,timeout,87,161,0,22701,14,1,False,5975858,144444
455916,142284,181752,149686,194,0,0,-1,251,0,343,rocketfuel-bb-AS-1755,16,20,16,1,timeout,87,161,0,22701,13,1,True,5975858,144444
455916,142284,206023,169476,161,0,0,-1,211,0,397,rocketfuel-bb-AS-1755,16,20,16,1,timeout,87,161,0,22701,13,1,True,5975858,144444
193370,142180,139705,113730,152,0,0,-1,128,0,361,rocketfuel-bb-AS-1755,4,20,16,1,timeout,87,161,0,22701,5,1,False,7476392,144340
442988,142180,206952,156078,149,0,0,-1,265,0,361,rocketfuel-bb-AS-1755,4,20,16,1,timeout,87,161,0,22701,4,1,True,7476392,144340
442988,142180,184707,182947,181,0,0,-1,55,0,447,rocketfuel-bb-AS-1755,4,20,16,1,timeout,87,161,0,22701,4,1,True,7476392,144340
447197,142180,226923,197514,259,0,0,-1,132,0,361,rocketfuel-bb-AS-1755,4,20,16,1,timeout,87,161,0,22701,1,1,False,7476392,144340
447197,142180,167713,132255,135,0,0,-1,143,0,342,rocketfuel-bb-AS-1755,4,20,16,1,timeout,87,161,0,22701,1,1,False,7476392,144340
478361,142180,219826,172895,145,0,0,-1,246,0,361,rocketfuel-bb-AS-1755,4,20,16,1,timeout,87,161,0,22701,9,1,False,7476392,144340
478361,142180,203071,159775,115,0,0,-1,162,0,424,rocketfuel-bb-AS-1755,4,20,16,1,timeout,87,161,0,22701,9,1,False,7476392,144340
445368,142180,216803,213945,285,0,0,-1,235,0,361,rocketfuel-bb-AS-1755,4,20,16,1,timeout,87,161,0,22701,8,1,True,7476392,144340
445368,142180,169028,136049,172,0,0,-1,162,0,411,rocketfuel-bb-AS-1755,4,20,16,1,timeout,87,161,0,22701,8,1,True,7476392,144340
281438,142180,228706,181367,190,0,0,-1,198,0,361,rocketfuel-bb-AS-1755,4,20,16,1,timeout,87,161,0,22701,12,1,True,7476392,144340
513559,142180,186588,145187,109,0,0,-1,232,0,361,rocketfuel-bb-AS-1755,4,20,16,1,timeout,87,161,0,22701,7,1,True,7476392,144340
513559,142180,260617,210820,232,0,0,-1,142,0,411,rocketfuel-bb-AS-1755,4,20,16,1,timeout,87,161,0,22701,7,1,True,7476392,144340
441822,142180,161612,122473,132,0,0,-1,236,0,361,rocketfuel-bb-AS-1755,4,20,16,1,timeout,87,161,0,22701,6,1,True,7476392,144340
441822,142180,227360,185164,133,0,0,-1,163,0,412,rocketfuel-bb-AS-1755,4,20,16,1,timeout,87,161,0,22701,6,1,True,7476392,144340
498838,142180,209403,163780,161,0,0,-1,168,0,361,rocketfuel-bb-AS-1755,4,20,16,1,timeout,87,161,0,22701,2,1,True,7476392,144340
498838,142180,225824,179753,235,0,0,-1,224,0,338,rocketfuel-bb-AS-1755,4,20,16,1,timeout,87,161,0,22701,2,1,True,7476392,144340
283433,142180,222329,182331,537,0,0,-1,109,0,361,rocketfuel-bb-AS-1755,4,20,16,1,timeout,87,161,0,22701,14,1,True,7476392,144340
288578,142180,220122,173408,260,0,0,-1,254,0,361,rocketfuel-bb-AS-1755,4,20,16,1,timeout,87,161,0,22701,13,1,True,7476392,144340
431672,142148,206224,161702,191,0,0,-1,202,0,367,rocketfuel-bb-AS-3967,12,20,16,1,timeout,79,147,0,20727,5,1,True,4704175,144020
431672,142148,175326,133632,143,0,0,-1,235,0,362,rocketfuel-bb-AS-3967,12,20,16,1,timeout,79,147,0,20727,5,1,True,4704175,144020
292772,142148,228207,182109,221,0,0,-1,220,0,367,rocketfuel-bb-AS-3967,12,20,16,1,timeout,79,147,0,20727,1,1,True,4704175,144020
274946,142004,209935,166954,160,0,0,-1,250,0,367,rocketfuel-bb-AS-3967,12,20,16,1,timeout,79,147,0,20727,9,1,True,4704175,144020
213431,142148,153477,124885,136,0,0,-1,96,0,367,rocketfuel-bb-AS-3967,12,20,16,1,timeout,79,147,0,20727,12,1,True,4704175,144020
280761,142148,222004,174888,173,0,0,-1,194,0,367,rocketfuel-bb-AS-3967,12,20,16,1,timeout,79,147,0,20727,11,1,False,4704175,144020
266696,142004,208879,167005,195,0,0,-1,214,0,367,rocketfuel-bb-AS-3967,12,20,16,1,timeout,79,147,0,20727,10,1,True,4704175,144020
262474,142148,202365,157532,221,0,0,-1,220,0,367,rocketfuel-bb-AS-3967,12,20,16,1,timeout,79,147,0,20727,3,1,True,4704175,144020
433242,245360,178526,176980,143,0,0,-1,88,0,325,rocketfuel-bb-AS-1239,8,20,16,1,timeout,315,972,0,137052,4,1,True,12615752,247520
433242,245360,191545,189380,167,0,0,-1,149,0,371,rocketfuel-bb-AS-1239,8,20,16,1,timeout,315,972,0,137052,4,1,True,12615752,247520
499496,245360,190532,148545,143,0,0,-1,290,0,325,rocketfuel-bb-AS-1239,8,20,16,1,timeout,315,972,0,137052,9,1,True,12615752,247520
499496,245360,242340,240048,235,0,0,-1,144,0,421,rocketfuel-bb-AS-1239,8,20,16,1,timeout,315,972,0,137052,9,1,True,12615752,247520
677508,245216,203281,201172,199,0,0,-1,142,0,325,rocketfuel-bb-AS-1239,8,20,16,1,timeout,315,972,0,137052,15,1,False,12615752,247520
677508,245216,218378,216131,170,0,0,-1,150,0,332,rocketfuel-bb-AS-1239,8,20,16,1,timeout,315,972,0,137052,15,1,False,12615752,247520
677508,245216,202566,162901,144,0,0,-1,162,0,327,rocketfuel-bb-AS-1239,8,20,16,1,timeout,315,972,0,137052,15,1,False,12615752,247520
700133,245360,205101,203379,113,0,0,-1,96,0,325,rocketfuel-bb-AS-1239,8,20,16,1,timeout,315,972,0,137052,7,1,True,12615752,247520
700133,245360,210192,207887,206,0,0,-1,110,0,368,rocketfuel-bb-AS-1239,8,20,16,1,timeout,315,972,0,137052,7,1,True,12615752,247520
700133,245360,218728,168943,187,0,0,-1,180,0,372,rocketfuel-bb-AS-1239,8,20,16,1,timeout,315,972,0,137052,7,1,True,12615752,247520
718104,245360,207159,204675,179,0,0,-1,159,0,325,rocketfuel-bb-AS-1239,8,20,16,1,timeout,315,972,0,137052,11,1,True,12615752,247520
718104,245360,210194,207657,238,0,0,-1,160,0,320,rocketfuel-bb-AS-1239,8,20,16,1,timeout,315,972,0,137052,11,1,True,12615752,247520
718104,245360,245020,196513,156,0,0,-1,208,0,311,rocketfuel-bb-AS-1239,8,20,16,1,timeout,315,972,0,137052,11,1,True,12615752,247520
713387,245360,191218,189698,104,0,0,-1,93,0,325,rocketfuel-bb-AS-1239,8,20,16,1,timeout,315,972,0,137052,6,1,True,12615752,247520
713387,245360,214635,175092,236,0,0,-1,156,0,367,rocketfuel-bb-AS-1239,8,20,16,1,timeout,315,972,0,137052,6,1,True,12615752,247520
713387,245360,247301,245053,157,0,0,-1,193,0,340,rocketfuel-bb-AS-1239,8,20,16,1,timeout,315,972,0,137052,6,1,True,12615752,247520
735205,245216,200699,198100,198,0,0,-1,146,0,325,rocketfuel-bb-AS-1239,8,20,16,1,timeout,315,972,0,137052,2,1,False,12615752,247520
735205,245216,239395,191923,220,0,0,-1,231,0,328,rocketfuel-bb-AS-1239,8,20,16,1,timeout,315,972,0,137052,2,1,False,12615752,247520
735205,245216,243242,198396,200,0,0,-1,156,0,358,rocketfuel-bb-AS-1239,8,20,16,1,timeout,315,972,0,137052,2,1,False,12615752,247520
453732,245360,198218,195612,210,0,0,-1,136,0,325,rocketfuel-bb-AS-1239,8,20,16,1,timeout,315,972,0,137052,13,1,False,12615752,247520
453732,245360,203317,201215,161,0,0,-1,136,0,336,rocketfuel-bb-AS-1239,8,20,16,1,timeout,315,972,0,137052,13,1,False,12615752,247520
920291,245360,213336,210972,152,0,0,-1,161,0,325,rocketfuel-bb-AS-1239,8,20,16,1,timeout,315,972,0,137052,3,1,False,12615752,247520
920291,245360,211210,165681,226,0,0,-1,205,0,321,rocketfuel-bb-AS-1239,8,20,16,1,timeout,315,972,0,137052,3,1,False,12615752,247520
920291,245360,186465,185091,129,0,0,-1,53,0,325,rocketfuel-bb-AS-1239,8,20,16,1,timeout,315,972,0,137052,3,1,False,12615752,247520
920291,245360,252278,208817,163,0,0,-1,168,0,399,rocketfuel-bb-AS-1239,8,20,16,1,timeout,315,972,0,137052,3,1,False,12615752,247520
464285,141796,217085,172975,195,0,0,-1,109,0,359,rocketfuel-bb-AS-1221,16,20,16,1,timeout,108,153,0,21573,4,1,False,9225125,143812
464285,141796,192060,166044,143,0,0,-1,117,0,384,rocketfuel-bb-AS-1221,16,20,16,1,timeout,108,153,0,21573,4,1,False,9225125,143812
482257,141796,181519,149817,184,0,0,-1,173,0,359,rocketfuel-bb-AS-1221,16,20,16,1,timeout,108,153,0,21573,1,1,True,9225125,143812
482257,141796,231545,184371,218,0,0,-1,149,0,337,rocketfuel-bb-AS-1221,16,20,16,1,timeout,108,153,0,21573,1,1,True,9225125,143812
263881,141796,198580,157871,204,0,0,-1,280,0,359,rocketfuel-bb-AS-1221,16,20,16,1,timeout,108,153,0,21573,9,1,True,9225125,143812
461614,141652,205165,155753,171,0,0,-1,205,0,359,rocketfuel-bb-AS-1221,16,20,16,1,timeout,108,153,0,21573,12,1,False,9225125,143812
461614,141652,191653,147805,274,0,0,-1,151,0,353,rocketfuel-bb-AS-1221,16,20,16,1,timeout,108,153,0,21573,12,1,False,9225125,143812
485318,141796,220219,217594,229,0,0,-1,236,0,359,rocketfuel-bb-AS-1221,16,20,16,1,timeout,108,153,0,21573,7,1,True,9225125,143812
485318,141796,210930,172330,230,0,0,-1,169,0,384,rocketfuel-bb-AS-1221,16,20,16,1,timeout,108,153,0,21573,7,1,True,9225125,143812
470312,141796,200951,198208,237,0,0,-1,175,0,359,rocketfuel-bb-AS-1221,16,20,16,1,timeout,108,153,0,21573,11,1,False,9225125,143812
470312,141796,208251,172883,190,0,0,-1,180,0,333,rocketfuel-bb-AS-1221,16,20,16,1,timeout,108,153,0,21573,11,1,False,9225125,143812
488640,141796,213950,211506,198,0,0,-1,155,0,359,rocketfuel-bb-AS-1221,16,20,16,1,timeout,108,153,0,21573,10,1,True,9225125,143812
488640,141796,220188,183257,251,0,0,-1,151,0,349,rocketfuel-bb-AS-1221,16,20,16,1,timeout,108,153,0,21573,10,1,True,9225125,143812
524697,141796,221505,181245,206,0,0,-1,270,0,359,rocketfuel-bb-AS-1221,16,20,16,1,timeout,108,153,0,21573,2,1,True,9225125,143812
524697,141796,237477,188697,211,0,0,-1,223,0,426,rocketfuel-bb-AS-1221,16,20,16,1,timeout,108,153,0,21573,2,1,True,9225125,143812
505554,141796,197767,195300,178,0,0,-1,218,0,359,rocketfuel-bb-AS-1221,16,20,16,1,timeout,108,153,0,21573,14,1,False,9225125,143812
505554,141796,257592,209508,174,0,0,-1,198,0,365,rocketfuel-bb-AS-1221,16,20,16,1,timeout,108,153,0,21573,14,1,False,9225125,143812
469392,152056,189338,146445,145,0,0,-1,205,0,369,rocketfuel-bb-AS-3257,16,20,16,1,timeout,161,328,0,46248,5,1,True,8424435,154072
469392,152056,208039,163019,197,0,0,-1,129,0,370,rocketfuel-bb-AS-3257,16,20,16,1,timeout,161,328,0,46248,5,1,True,8424435,154072
650457,152056,175466,130775,140,0,0,-1,263,0,369,rocketfuel-bb-AS-3257,16,20,16,1,timeout,161,328,0,46248,4,1,True,8424435,154072
650457,152056,214711,177252,157,0,0,-1,180,0,436,rocketfuel-bb-AS-3257,16,20,16,1,timeout,161,328,0,46248,4,1,True,8424435,154072
650457,152056,198539,160810,146,0,0,-1,151,0,399,rocketfuel-bb-AS-3257,16,20,16,1,timeout,161,328,0,46248,4,1,True,8424435,154072
468456,152056,198281,155394,124,0,0,-1,209,0,369,rocketfuel-bb-AS-3257,16,20,16,1,timeout,161,328,0,46248,1,1,True,8424435,154072
468456,152056,209981,165111,189,0,0,-1,170,0,376,rocketfuel-bb-AS-3257,16,20,16,1,timeout,161,328,0,46248,1,1,True,8424435,154072
455413,152056,169407,167127,118,0,0,-1,152,0,369,rocketfuel-bb-AS-3257,16,20,16,1,timeout,161,328,0,46248,15,1,True,8424435,154072
455413,152056,227906,177185,426,0,0,-1,163,0,350,rocketfuel-bb-AS-3257,16,20,16,1,timeout,161,328,0,46248,15,1,True,8424435,154072
458175,152056,147841,118384,142,0,0,-1,156,0,369,rocketfuel-bb-AS-3257,16,20,16,1,timeout,161,328,0,46248,14,1,True,8424435,154072
458175,152056,251690,205535,335,0,0,-1,252,0,346,rocketfuel-bb-AS-3257,16,20,16,1,timeout,161,328,0,46248,14,1,True,8424435,154072
461355,152056,214953,168030,174,0,0,-1,257,0,369,rocketfuel-bb-AS-3257,16,20,16,1,timeout,161,328,0,46248,13,1,False,8424435,154072
461355,152056,194982,165486,129,0,0,-1,105,0,425,rocketfuel-bb-AS-3257,16,20,16,1,timeout,161,328,0,46248,13,1,False,8424435,154072
446723,145180,178040,175702,160,0,0,-1,155,0,388,as-733,16,20,16,1,timeout,103,239,0,33699,16,1,True,12232743,147196
446723,145180,208517,206253,207,0,0,-1,123,0,352,as-733,16,20,16,1,timeout,103,239,0,33699,16,1,True,12232743,147196
476732,145180,181495,179340,176,0,0,-1,128,0,388,as-733,16,20,16,1,timeout,103,239,0,33699,5,1,True,12232743,147196
476732,145180,244940,242744,216,0,0,-1,93,0,371,as-733,16,20,16,1,timeout,103,239,0,33699,5,1,True,12232743,147196
451932,145180,192909,190563,124,0,0,-1,161,0,388,as-733,16,20,16,1,timeout,103,239,0,33699,1,1,True,12232743,147196
451932,145180,204862,164084,185,0,0,-1,144,0,348,as-733,16,20,16,1,timeout,103,239,0,33699,1,1,True,12232743,147196
455988,145180,188959,186442,206,0,0,-1,147,0,388,as-733,16,20,16,1,timeout,103,239,0,33699,9,1,False,12232743,147196
455988,145180,210335,207864,162,0,0,-1,151,0,360,as-733,16,20,16,1,timeout,103,239,0,33699,9,1,False,12232743,147196
433126,145180,171297,169011,139,0,0,-1,141,0,388,as-733,16,20,16,1,timeout,103,239,0,33699,8,1,True,12232743,147196
433126,145180,201249,199108,147,0,0,-1,135,0,364,as-733,16,20,16,1,timeout,103,239,0,33699,8,1,True,12232743,147196
459399,145180,183970,151727,148,0,0,-1,132,0,388,as-733,16,20,16,1,timeout,103,239,0,33699,12,1,True,12232743,147196
459399,145180,226717,190227,197,0,0,-1,100,0,372,as-733,16,20,16,1,timeout,103,239,0,33699,12,1,True,12232743,147196
499292,145180,238438,235985,178,0,0,-1,165,0,388,as-733,16,20,16,1,timeout,103,239,0,33699,15,1,False,12232743,147196
499292,145180,204381,202415,163,0,0,-1,88,0,348,as-733,16,20,16,1,timeout,103,239,0,33699,15,1,False,12232743,147196
455947,145180,197013,194621,154,0,0,-1,193,0,388,as-733,16,20,16,1,timeout,103,239,0,33699,7,1,True,12232743,147196
455947,145180,192519,152061,105,0,0,-1,240,0,379,as-733,16,20,16,1,timeout,103,239,0,33699,7,1,True,12232743,147196
264934,145180,206332,204102,125,0,0,-1,151,0,388,as-733,16,20,16,1,timeout,103,239,0,33699,11,1,True,12232743,147196
414872,145180,165987,164218,147,0,0,-1,88,0,388,as-733,16,20,16,1,timeout,103,239,0,33699,6,1,True,12232743,147196
414872,145180,189869,187548,132,0,0,-1,182,0,403,as-733,16,20,16,1,timeout,103,239,0,33699,6,1,True,12232743,147196
271601,145180,214937,212381,142,0,0,-1,204,0,388,as-733,16,20,16,1,timeout,103,239,0,33699,14,1,True,12232743,147196
518730,145484,259394,257183,132,0,0,-1,129,0,354,as-733,12,20,16,1,timeout,103,239,0,33699,5,1,True,12124680,147500
518730,145484,205798,204003,144,0,0,-1,74,0,350,as-733,12,20,16,1,timeout,103,239,0,33699,5,1,True,12124680,147500
461952,145484,206483,204404,162,0,0,-1,162,0,354,as-733,12,20,16,1,timeout,103,239,0,33699,1,1,True,12124680,147500
461952,145484,192944,190561,232,0,0,-1,123,0,332,as-733,12,20,16,1,timeout,103,239,0,33699,1,1,True,12124680,147500
248468,145484,184349,181784,138,0,0,-1,258,0,354,as-733,12,20,16,1,timeout,103,239,0,33699,9,1,False,12124680,147500
440272,145484,182794,180184,204,0,0,-1,211,0,354,as-733,12,20,16,1,timeout,103,239,0,33699,8,1,False,12124680,147500
440272,145484,206251,161704,172,0,0,-1,189,0,361,as-733,12,20,16,1,timeout,103,239,0,33699,8,1,False,12124680,147500
227102,145484,163883,162518,90,0,0,-1,68,0,354,as-733,12,20,16,1,timeout,103,239,0,33699,12,1,False,12124680,147500
255023,145484,203301,200929,167,0,0,-1,160,0,354,as-733,12,20,16,1,timeout,103,239,0,33699,15,1,True,12124680,147500
487986,145484,214231,211459,204,0,0,-1,239,0,354,as-733,12,20,16,1,timeout,103,239,0,33699,7,1,True,12124680,147500
487986,145484,210998,171945,155,0,0,-1,177,0,392,as-733,12,20,16,1,timeout,103,239,0,33699,7,1,True,12124680,147500
447818,145484,213692,211248,199,0,0,-1,159,0,354,as-733,12,20,16,1,timeout,103,239,0,33699,11,1,True,12124680,147500
447818,145484,184936,183754,78,0,0,-1,47,0,331,as-733,12,20,16,1,timeout,103,239,0,33699,11,1,True,12124680,147500
495208,145484,203681,201452,151,0,0,-1,199,0,354,as-733,12,20,16,1,timeout,103,239,0,33699,2,1,True,12124680,147500
495208,145484,199745,197544,136,0,0,-1,108,0,349,as-733,12,20,16,1,timeout,103,239,0,33699,2,1,True,12124680,147500
452217,145484,174632,172263,151,0,0,-1,167,0,354,as-733,12,20,16,1,timeout,103,239,0,33699,14,1,False,12124680,147500
452217,145484,222133,219658,236,0,0,-1,144,0,328,as-733,12,20,16,1,timeout,103,239,0,33699,14,1,False,12124680,147500
471923,145484,215529,213055,153,0,0,-1,165,0,354,as-733,12,20,16,1,timeout,103,239,0,33699,13,1,True,12124680,147500
471923,145484,196546,194290,142,0,0,-1,165,0,328,as-733,12,20,16,1,timeout,103,239,0,33699,13,1,True,12124680,147500
462359,145188,200036,198427,139,0,0,-1,98,0,349,as-733,8,20,16,1,timeout,103,239,0,33699,9,1,True,12322142,147204
462359,145188,203601,201347,210,0,0,-1,123,0,353,as-733,8,20,16,1,timeout,103,239,0,33699,9,1,True,12322142,147204
458900,145188,173943,172602,76,0,0,-1,71,0,349,as-733,8,20,16,1,timeout,103,239,0,33699,12,1,False,12322142,147204
458900,145188,229022,178256,170,0,0,-1,161,0,373,as-733,8,20,16,1,timeout,103,239,0,33699,12,1,False,12322142,147204
491724,145188,222755,220469,165,0,0,-1,122,0,349,as-733,8,20,16,1,timeout,103,239,0,33699,7,1,True,12322142,147204
491724,145188,208176,167678,179,0,0,-1,190,0,338,as-733,8,20,16,1,timeout,103,239,0,33699,7,1,True,12322142,147204
659845,145044,176386,173925,133,0,0,-1,148,0,349,as-733,8,20,16,1,timeout,103,239,0,33699,11,1,True,12322142,147204
659845,145044,239509,189799,208,0,0,-1,143,0,318,as-733,8,20,16,1,timeout,103,239,0,33699,11,1,True,12322142,147204
659845,145044,183718,181736,123,0,0,-1,137,0,296,as-733,8,20,16,1,timeout,103,239,0,33699,11,1,True,12322142,147204
268081,145188,209876,207759,148,0,0,-1,115,0,349,as-733,8,20,16,1,timeout,103,239,0,33699,10,1,False,12322142,147204
263062,145188,201868,199285,155,0,0,-1,142,0,349,as-733,8,20,16,1,timeout,103,239,0,33699,2,1,True,12322142,147204
412596,145188,182338,180342,150,0,0,-1,140,0,349,as-733,8,20,16,1,timeout,103,239,0,33699,13,1,True,12322142,147204
412596,145188,163092,132471,125,0,0,-1,128,0,322,as-733,8,20,16,1,timeout,103,239,0,33699,13,1,True,12322142,147204
466222,249704,194618,192245,204,0,0,-1,121,0,385,rocketfuel-bb-AS-1239,12,20,16,1,timeout,315,972,0,137052,16,1,True,10055563,251864
466222,249704,204849,202556,254,0,0,-1,127,0,389,rocketfuel-bb-AS-1239,12,20,16,1,timeout,315,972,0,137052,16,1,True,10055563,251864
301698,249704,234945,232344,238,0,0,-1,188,0,385,rocketfuel-bb-AS-1239,12,20,16,1,timeout,315,972,0,137052,5,1,False,10055563,251864
278591,249704,214163,211967,171,0,0,-1,125,0,385,rocketfuel-bb-AS-1239,12,20,16,1,timeout,315,972,0,137052,9,1,False,10055563,251864
428032,249704,179445,178093,90,0,0,-1,64,0,385,rocketfuel-bb-AS-1239,12,20,16,1,timeout,315,972,0,137052,8,1,True,10055563,251864
428032,249704,189210,187255,114,0,0,-1,105,0,437,rocketfuel-bb-AS-1239,12,20,16,1,timeout,315,972,0,137052,8,1,True,10055563,251864
273121,249704,210514,175951,163,0,0,-1,224,0,385,rocketfuel-bb-AS-1239,12,20,16,1,timeout,315,972,0,137052,10,1,True,10055563,251864
300129,249704,224051,221495,345,0,0,-1,158,0,385,rocketfuel-bb-AS-1239,12,20,16,1,timeout,315,972,0,137052,2,1,False,10055563,251864
499772,249704,248311,245674,185,0,0,-1,208,0,385,rocketfuel-bb-AS-1239,12,20,16,1,timeout,315,972,0,137052,14,1,False,10055563,251864
499772,249704,194769,192372,185,0,0,-1,121,0,380,rocketfuel-bb-AS-1239,12,20,16,1,timeout,315,972,0,137052,14,1,False,10055563,251864
454794,249704,206400,204221,166,0,0,-1,144,0,385,rocketfuel-bb-AS-1239,12,20,16,1,timeout,315,972,0,137052,3,1,False,10055563,251864
454794,249704,198702,196685,137,0,0,-1,134,0,373,rocketfuel-bb-AS-1239,12,20,16,1,timeout,315,972,0,137052,3,1,False,10055563,251864
527016,153816,229844,183278,172,0,0,-1,187,0,267,rocketfuel-bb-AS-3257,12,20,16,1,timeout,161,328,0,46248,1,1,True,12797467,155832
527016,153816,242575,240496,156,0,0,-1,98,0,271,rocketfuel-bb-AS-3257,12,20,16,1,timeout,161,328,0,46248,1,1,True,12797467,155832
901738,153672,236676,196164,212,0,0,-1,198,0,267,rocketfuel-bb-AS-3257,12,20,16,1,timeout,161,328,0,46248,15,1,True,12797467,155832
901738,153672,185501,157752,101,0,0,-1,101,0,283,rocketfuel-bb-AS-3257,12,20,16,1,timeout,161,328,0,46248,15,1,True,12797467,155832
901738,153672,214321,172005,233,0,0,-1,132,0,319,rocketfuel-bb-AS-3257,12,20,16,1,timeout,161,328,0,46248,15,1,True,12797467,155832
901738,153672,201728,163764,245,0,0,-1,178,0,309,rocketfuel-bb-AS-3257,12,20,16,1,timeout,161,328,0,46248,15,1,True,12797467,155832
455098,153816,209096,166568,153,0,0,-1,237,0,267,rocketfuel-bb-AS-3257,12,20,16,1,timeout,161,328,0,46248,7,1,True,12797467,155832
455098,153816,192294,167291,285,0,0,-1,94,0,331,rocketfuel-bb-AS-3257,12,20,16,1,timeout,161,328,0,46248,7,1,True,12797467,155832
490886,153816,199789,158497,123,0,0,-1,191,0,267,rocketfuel-bb-AS-3257,12,20,16,1,timeout,161,328,0,46248,10,1,False,12797467,155832
490886,153816,228875,226359,226,0,0,-1,217,0,271,rocketfuel-bb-AS-3257,12,20,16,1,timeout,161,328,0,46248,10,1,False,12797467,155832
511931,153816,226296,193135,114,0,0,-1,163,0,267,rocketfuel-bb-AS-3257,12,20,16,1,timeout,161,328,0,46248,14,1,False,12797467,155832
511931,153816,226423,181656,212,0,0,-1,216,0,252,rocketfuel-bb-AS-3257,12,20,16,1,timeout,161,328,0,46248,14,1,False,12797467,155832
919272,153816,240335,238019,183,0,0,-1,154,0,267,rocketfuel-bb-AS-3257,12,20,16,1,timeout,161,328,0,46248,13,1,True,12797467,155832
919272,153816,199246,160008,105,0,0,-1,160,0,260,rocketfuel-bb-AS-3257,12,20,16,1,timeout,161,328,0,46248,13,1,True,12797467,155832
919272,153816,221397,181101,201,0,0,-1,159,0,249,rocketfuel-bb-AS-3257,12,20,16,1,timeout,161,328,0,46248,13,1,True,12797467,155832
919272,153816,197112,166272,156,0,0,-1,160,0,238,rocketfuel-bb-AS-3257,12,20,16,1,timeout,161,328,0,46248,13,1,True,12797467,155832
