inv_time,inv_memory,network,emulated_pct,fw_leaves_pct,invariants,procs,drop_method,num_nodes,num_links,num_updates,total_conn,invariant,independent_cec,violated,total_time,total_mem
298068,9536,rocketfuel-bb-AS-3967,8,20,16,1,timeout,79,147,0,20727,16,1,False,7103774,144608
636821,9680,rocketfuel-bb-AS-3967,8,20,16,1,timeout,79,147,0,20727,5,1,True,7103774,144608
567705,9536,rocketfuel-bb-AS-3967,8,20,16,1,timeout,79,147,0,20727,4,1,False,7103774,144608
318327,9680,rocketfuel-bb-AS-3967,8,20,16,1,timeout,79,147,0,20727,1,1,False,7103774,144608
267976,9536,rocketfuel-bb-AS-3967,8,20,16,1,timeout,79,147,0,20727,9,1,False,7103774,144608
575833,9536,rocketfuel-bb-AS-3967,8,20,16,1,timeout,79,147,0,20727,8,1,False,7103774,144608
326525,9536,rocketfuel-bb-AS-3967,8,20,16,1,timeout,79,147,0,20727,12,1,False,7103774,144608
612989,9680,rocketfuel-bb-AS-3967,8,20,16,1,timeout,79,147,0,20727,15,1,True,7103774,144608
322909,9536,rocketfuel-bb-AS-3967,8,20,16,1,timeout,79,147,0,20727,7,1,False,7103774,144608
298422,9536,rocketfuel-bb-AS-3967,8,20,16,1,timeout,79,147,0,20727,11,1,False,7103774,144608
302828,9536,rocketfuel-bb-AS-3967,8,20,16,1,timeout,79,147,0,20727,6,1,False,7103774,144608
586412,9680,rocketfuel-bb-AS-3967,8,20,16,1,timeout,79,147,0,20727,10,1,True,7103774,144608
334809,9536,rocketfuel-bb-AS-3967,8,20,16,1,timeout,79,147,0,20727,2,1,False,7103774,144608
650441,9680,rocketfuel-bb-AS-3967,8,20,16,1,timeout,79,147,0,20727,14,1,True,7103774,144608
298431,9536,rocketfuel-bb-AS-3967,8,20,16,1,timeout,79,147,0,20727,13,1,False,7103774,144608
603819,9680,rocketfuel-bb-AS-3967,8,20,16,1,timeout,79,147,0,20727,3,1,True,7103774,144608
310892,119300,rocketfuel-bb-AS-1239,16,20,16,1,timeout,315,972,0,137052,16,1,False,9879427,254084
1352229,119300,rocketfuel-bb-AS-1239,16,20,16,1,timeout,315,972,0,137052,5,1,False,9879427,254084
994216,119300,rocketfuel-bb-AS-1239,16,20,16,1,timeout,315,972,0,137052,4,1,False,9879427,254084
317673,119300,rocketfuel-bb-AS-1239,16,20,16,1,timeout,315,972,0,137052,1,1,False,9879427,254084
747035,119300,rocketfuel-bb-AS-1239,16,20,16,1,timeout,315,972,0,137052,9,1,False,9879427,254084
328626,119300,rocketfuel-bb-AS-1239,16,20,16,1,timeout,315,972,0,137052,8,1,False,9879427,254084
318569,119300,rocketfuel-bb-AS-1239,16,20,16,1,timeout,315,972,0,137052,12,1,False,9879427,254084
727468,119300,rocketfuel-bb-AS-1239,16,20,16,1,timeout,315,972,0,137052,15,1,False,9879427,254084
305261,119300,rocketfuel-bb-AS-1239,16,20,16,1,timeout,315,972,0,137052,7,1,False,9879427,254084
698223,119300,rocketfuel-bb-AS-1239,16,20,16,1,timeout,315,972,0,137052,11,1,False,9879427,254084
322390,119300,rocketfuel-bb-AS-1239,16,20,16,1,timeout,315,972,0,137052,6,1,False,9879427,254084
320768,119300,rocketfuel-bb-AS-1239,16,20,16,1,timeout,315,972,0,137052,10,1,False,9879427,254084
302718,119300,rocketfuel-bb-AS-1239,16,20,16,1,timeout,315,972,0,137052,2,1,False,9879427,254084
718312,119300,rocketfuel-bb-AS-1239,16,20,16,1,timeout,315,972,0,137052,14,1,True,9879427,254084
339154,119300,rocketfuel-bb-AS-1239,16,20,16,1,timeout,315,972,0,137052,13,1,False,9879427,254084
1300015,119300,rocketfuel-bb-AS-1239,16,20,16,1,timeout,315,972,0,137052,3,1,True,9879427,254084
739755,120456,rocketfuel-bb-AS-1239,4,20,16,1,timeout,315,972,0,137052,16,1,True,11013855,254952
798255,120456,rocketfuel-bb-AS-1239,4,20,16,1,timeout,315,972,0,137052,5,1,True,11013855,254952
1002378,120312,rocketfuel-bb-AS-1239,4,20,16,1,timeout,315,972,0,137052,4,1,False,11013855,254952
343282,120456,rocketfuel-bb-AS-1239,4,20,16,1,timeout,315,972,0,137052,1,1,False,11013855,254952
310951,120312,rocketfuel-bb-AS-1239,4,20,16,1,timeout,315,972,0,137052,9,1,False,11013855,254952
321345,120312,rocketfuel-bb-AS-1239,4,20,16,1,timeout,315,972,0,137052,8,1,False,11013855,254952
1093846,120456,rocketfuel-bb-AS-1239,4,20,16,1,timeout,315,972,0,137052,12,1,True,11013855,254952
751491,120312,rocketfuel-bb-AS-1239,4,20,16,1,timeout,315,972,0,137052,15,1,False,11013855,254952
952097,120312,rocketfuel-bb-AS-1239,4,20,16,1,timeout,315,972,0,137052,7,1,False,11013855,254952
304962,120312,rocketfuel-bb-AS-1239,4,20,16,1,timeout,315,972,0,137052,11,1,False,11013855,254952
683066,120312,rocketfuel-bb-AS-1239,4,20,16,1,timeout,315,972,0,137052,6,1,False,11013855,254952
798448,120456,rocketfuel-bb-AS-1239,4,20,16,1,timeout,315,972,0,137052,10,1,True,11013855,254952
355656,120312,rocketfuel-bb-AS-1239,4,20,16,1,timeout,315,972,0,137052,2,1,False,11013855,254952
1012426,120312,rocketfuel-bb-AS-1239,4,20,16,1,timeout,315,972,0,137052,14,1,False,11013855,254952
683702,120312,rocketfuel-bb-AS-1239,4,20,16,1,timeout,315,972,0,137052,13,1,False,11013855,254952
330802,120312,rocketfuel-bb-AS-1239,4,20,16,1,timeout,315,972,0,137052,3,1,False,11013855,254952
311815,119752,rocketfuel-bb-AS-1239,20,20,16,1,timeout,315,972,0,137052,16,1,False,8915032,253960
308371,119752,rocketfuel-bb-AS-1239,20,20,16,1,timeout,315,972,0,137052,5,1,False,8915032,253960
681908,119752,rocketfuel-bb-AS-1239,20,20,16,1,timeout,315,972,0,137052,4,1,False,8915032,253960
336504,119896,rocketfuel-bb-AS-1239,20,20,16,1,timeout,315,972,0,137052,1,1,False,8915032,253960
308883,119752,rocketfuel-bb-AS-1239,20,20,16,1,timeout,315,972,0,137052,9,1,False,8915032,253960
332004,119752,rocketfuel-bb-AS-1239,20,20,16,1,timeout,315,972,0,137052,8,1,False,8915032,253960
418871,119752,rocketfuel-bb-AS-1239,20,20,16,1,timeout,315,972,0,137052,12,1,False,8915032,253960
982067,119752,rocketfuel-bb-AS-1239,20,20,16,1,timeout,315,972,0,137052,15,1,False,8915032,253960
315142,119752,rocketfuel-bb-AS-1239,20,20,16,1,timeout,315,972,0,137052,7,1,False,8915032,253960
335292,119752,rocketfuel-bb-AS-1239,20,20,16,1,timeout,315,972,0,137052,11,1,False,8915032,253960
811062,119896,rocketfuel-bb-AS-1239,20,20,16,1,timeout,315,972,0,137052,6,1,True,8915032,253960
963935,119752,rocketfuel-bb-AS-1239,20,20,16,1,timeout,315,972,0,137052,10,1,False,8915032,253960
934669,119752,rocketfuel-bb-AS-1239,20,20,16,1,timeout,315,972,0,137052,2,1,False,8915032,253960
675376,119896,rocketfuel-bb-AS-1239,20,20,16,1,timeout,315,972,0,137052,14,1,True,8915032,253960
316730,119752,rocketfuel-bb-AS-1239,20,20,16,1,timeout,315,972,0,137052,13,1,False,8915032,253960
354709,119752,rocketfuel-bb-AS-1239,20,20,16,1,timeout,315,972,0,137052,3,1,False,8915032,253960
327541,26032,rocketfuel-bb-AS-6461,20,20,16,1,timeout,141,374,0,52734,16,1,False,7800752,160528
727941,26032,rocketfuel-bb-AS-6461,20,20,16,1,timeout,141,374,0,52734,5,1,True,7800752,160528
342749,26032,rocketfuel-bb-AS-6461,20,20,16,1,timeout,141,374,0,52734,4,1,False,7800752,160528
698291,26032,rocketfuel-bb-AS-6461,20,20,16,1,timeout,141,374,0,52734,1,1,False,7800752,160528
384587,26032,rocketfuel-bb-AS-6461,20,20,16,1,timeout,141,374,0,52734,9,1,False,7800752,160528
388201,26032,rocketfuel-bb-AS-6461,20,20,16,1,timeout,141,374,0,52734,8,1,True,7800752,160528
402711,26032,rocketfuel-bb-AS-6461,20,20,16,1,timeout,141,374,0,52734,12,1,True,7800752,160528
289786,26032,rocketfuel-bb-AS-6461,20,20,16,1,timeout,141,374,0,52734,15,1,False,7800752,160528
284188,26032,rocketfuel-bb-AS-6461,20,20,16,1,timeout,141,374,0,52734,7,1,False,7800752,160528
449980,26032,rocketfuel-bb-AS-6461,20,20,16,1,timeout,141,374,0,52734,11,1,False,7800752,160528
364513,26032,rocketfuel-bb-AS-6461,20,20,16,1,timeout,141,374,0,52734,6,1,True,7800752,160528
1097262,26032,rocketfuel-bb-AS-6461,20,20,16,1,timeout,141,374,0,52734,10,1,True,7800752,160528
353525,26032,rocketfuel-bb-AS-6461,20,20,16,1,timeout,141,374,0,52734,2,1,False,7800752,160528
708664,26032,rocketfuel-bb-AS-6461,20,20,16,1,timeout,141,374,0,52734,14,1,False,7800752,160528
434538,26032,rocketfuel-bb-AS-6461,20,20,16,1,timeout,141,374,0,52734,13,1,True,7800752,160528
375237,26032,rocketfuel-bb-AS-6461,20,20,16,1,timeout,141,374,0,52734,3,1,False,7800752,160528
397092,25000,rocketfuel-bb-AS-6461,4,20,16,1,timeout,141,374,0,52734,16,1,True,6747700,159496
308507,24856,rocketfuel-bb-AS-6461,4,20,16,1,timeout,141,374,0,52734,5,1,False,6747700,159496
299134,24856,rocketfuel-bb-AS-6461,4,20,16,1,timeout,141,374,0,52734,4,1,False,6747700,159496
267481,25000,rocketfuel-bb-AS-6461,4,20,16,1,timeout,141,374,0,52734,1,1,False,6747700,159496
284633,24856,rocketfuel-bb-AS-6461,4,20,16,1,timeout,141,374,0,52734,9,1,False,6747700,159496
712339,25000,rocketfuel-bb-AS-6461,4,20,16,1,timeout,141,374,0,52734,8,1,True,6747700,159496
756131,24856,rocketfuel-bb-AS-6461,4,20,16,1,timeout,141,374,0,52734,12,1,False,6747700,159496
282294,24856,rocketfuel-bb-AS-6461,4,20,16,1,timeout,141,374,0,52734,15,1,False,6747700,159496
259529,24856,rocketfuel-bb-AS-6461,4,20,16,1,timeout,141,374,0,52734,7,1,False,6747700,159496
345499,24856,rocketfuel-bb-AS-6461,4,20,16,1,timeout,141,374,0,52734,11,1,False,6747700,159496
287038,24856,rocketfuel-bb-AS-6461,4,20,16,1,timeout,141,374,0,52734,6,1,False,6747700,159496
677382,25000,rocketfuel-bb-AS-6461,4,20,16,1,timeout,141,374,0,52734,10,1,True,6747700,159496
327528,25000,rocketfuel-bb-AS-6461,4,20,16,1,timeout,141,374,0,52734,2,1,True,6747700,159496
678830,25000,rocketfuel-bb-AS-6461,4,20,16,1,timeout,141,374,0,52734,14,1,True,6747700,159496
395976,25000,rocketfuel-bb-AS-6461,4,20,16,1,timeout,141,374,0,52734,13,1,True,6747700,159496
308465,24856,rocketfuel-bb-AS-6461,4,20,16,1,timeout,141,374,0,52734,3,1,False,6747700,159496
808825,12624,as-733,20,20,16,1,timeout,103,239,0,33699,16,1,False,11566049,147264
464316,12624,as-733,20,20,16,1,timeout,103,239,0,33699,5,1,False,11566049,147264
687369,12624,as-733,20,20,16,1,timeout,103,239,0,33699,4,1,False,11566049,147264
886318,12768,as-733,20,20,16,1,timeout,103,239,0,33699,1,1,False,11566049,147264
1218837,12768,as-733,20,20,16,1,timeout,103,239,0,33699,9,1,True,11566049,147264
1077766,12768,as-733,20,20,16,1,timeout,103,239,0,33699,8,1,True,11566049,147264
311249,12624,as-733,20,20,16,1,timeout,103,239,0,33699,12,1,False,11566049,147264
264349,12624,as-733,20,20,16,1,timeout,103,239,0,33699,15,1,False,11566049,147264
709965,12768,as-733,20,20,16,1,timeout,103,239,0,33699,7,1,True,11566049,147264
1017295,12624,as-733,20,20,16,1,timeout,103,239,0,33699,11,1,False,11566049,147264
988079,12768,as-733,20,20,16,1,timeout,103,239,0,33699,6,1,True,11566049,147264
681196,12624,as-733,20,20,16,1,timeout,103,239,0,33699,10,1,False,11566049,147264
285228,12624,as-733,20,20,16,1,timeout,103,239,0,33699,2,1,False,11566049,147264
285329,12624,as-733,20,20,16,1,timeout,103,239,0,33699,14,1,False,11566049,147264
822437,12768,as-733,20,20,16,1,timeout,103,239,0,33699,13,1,True,11566049,147264
948303,12624,as-733,20,20,16,1,timeout,103,239,0,33699,3,1,False,11566049,147264
258814,9272,rocketfuel-bb-AS-1221,8,20,16,1,timeout,108,153,0,21573,16,1,False,5601532,143624
300931,9272,rocketfuel-bb-AS-1221,8,20,16,1,timeout,108,153,0,21573,5,1,False,5601532,143624
274045,9272,rocketfuel-bb-AS-1221,8,20,16,1,timeout,108,153,0,21573,4,1,False,5601532,143624
333148,9272,rocketfuel-bb-AS-1221,8,20,16,1,timeout,108,153,0,21573,1,1,False,5601532,143624
455975,9272,rocketfuel-bb-AS-1221,8,20,16,1,timeout,108,153,0,21573,9,1,False,5601532,143624
413514,9272,rocketfuel-bb-AS-1221,8,20,16,1,timeout,108,153,0,21573,8,1,True,5601532,143624
284899,9272,rocketfuel-bb-AS-1221,8,20,16,1,timeout,108,153,0,21573,12,1,False,5601532,143624
249362,9272,rocketfuel-bb-AS-1221,8,20,16,1,timeout,108,153,0,21573,15,1,False,5601532,143624
460460,9272,rocketfuel-bb-AS-1221,8,20,16,1,timeout,108,153,0,21573,7,1,True,5601532,143624
280838,9272,rocketfuel-bb-AS-1221,8,20,16,1,timeout,108,153,0,21573,11,1,False,5601532,143624
310265,9272,rocketfuel-bb-AS-1221,8,20,16,1,timeout,108,153,0,21573,6,1,False,5601532,143624
313837,9272,rocketfuel-bb-AS-1221,8,20,16,1,timeout,108,153,0,21573,10,1,False,5601532,143624
382131,9128,rocketfuel-bb-AS-1221,8,20,16,1,timeout,108,153,0,21573,2,1,False,5601532,143624
536353,9272,rocketfuel-bb-AS-1221,8,20,16,1,timeout,108,153,0,21573,14,1,False,5601532,143624
274530,9272,rocketfuel-bb-AS-1221,8,20,16,1,timeout,108,153,0,21573,13,1,False,5601532,143624
394674,9272,rocketfuel-bb-AS-1221,8,20,16,1,timeout,108,153,0,21573,3,1,False,5601532,143624
534305,20512,rocketfuel-bb-AS-3257,20,20,16,1,timeout,161,328,0,46248,16,1,False,7922797,154864
671281,20512,rocketfuel-bb-AS-3257,20,20,16,1,timeout,161,328,0,46248,5,1,False,7922797,154864
693608,20512,rocketfuel-bb-AS-3257,20,20,16,1,timeout,161,328,0,46248,4,1,False,7922797,154864
607908,20512,rocketfuel-bb-AS-3257,20,20,16,1,timeout,161,328,0,46248,1,1,False,7922797,154864
286090,20512,rocketfuel-bb-AS-3257,20,20,16,1,timeout,161,328,0,46248,9,1,False,7922797,154864
269553,20512,rocketfuel-bb-AS-3257,20,20,16,1,timeout,161,328,0,46248,8,1,False,7922797,154864
256713,20512,rocketfuel-bb-AS-3257,20,20,16,1,timeout,161,328,0,46248,12,1,False,7922797,154864
309093,20512,rocketfuel-bb-AS-3257,20,20,16,1,timeout,161,328,0,46248,15,1,False,7922797,154864
286801,20512,rocketfuel-bb-AS-3257,20,20,16,1,timeout,161,328,0,46248,7,1,False,7922797,154864
499701,20512,rocketfuel-bb-AS-3257,20,20,16,1,timeout,161,328,0,46248,11,1,False,7922797,154864
1108841,20368,rocketfuel-bb-AS-3257,20,20,16,1,timeout,161,328,0,46248,6,1,False,7922797,154864
270199,20512,rocketfuel-bb-AS-3257,20,20,16,1,timeout,161,328,0,46248,10,1,False,7922797,154864
309379,20512,rocketfuel-bb-AS-3257,20,20,16,1,timeout,161,328,0,46248,2,1,False,7922797,154864
292416,20512,rocketfuel-bb-AS-3257,20,20,16,1,timeout,161,328,0,46248,14,1,True,7922797,154864
259794,20512,rocketfuel-bb-AS-3257,20,20,16,1,timeout,161,328,0,46248,13,1,False,7922797,154864
1110702,20512,rocketfuel-bb-AS-3257,20,20,16,1,timeout,161,328,0,46248,3,1,False,7922797,154864
337936,9876,rocketfuel-bb-AS-1755,20,20,16,1,timeout,87,161,0,22701,16,1,False,6653054,144516
648584,9876,rocketfuel-bb-AS-1755,20,20,16,1,timeout,87,161,0,22701,5,1,False,6653054,144516
313155,9876,rocketfuel-bb-AS-1755,20,20,16,1,timeout,87,161,0,22701,4,1,False,6653054,144516
364346,9876,rocketfuel-bb-AS-1755,20,20,16,1,timeout,87,161,0,22701,1,1,False,6653054,144516
309958,9876,rocketfuel-bb-AS-1755,20,20,16,1,timeout,87,161,0,22701,9,1,False,6653054,144516
390625,9876,rocketfuel-bb-AS-1755,20,20,16,1,timeout,87,161,0,22701,8,1,False,6653054,144516
589040,9876,rocketfuel-bb-AS-1755,20,20,16,1,timeout,87,161,0,22701,12,1,False,6653054,144516
317539,9876,rocketfuel-bb-AS-1755,20,20,16,1,timeout,87,161,0,22701,15,1,False,6653054,144516
366449,9876,rocketfuel-bb-AS-1755,20,20,16,1,timeout,87,161,0,22701,7,1,False,6653054,144516
311076,9876,rocketfuel-bb-AS-1755,20,20,16,1,timeout,87,161,0,22701,11,1,False,6653054,144516
564158,10020,rocketfuel-bb-AS-1755,20,20,16,1,timeout,87,161,0,22701,6,1,True,6653054,144516
340427,9876,rocketfuel-bb-AS-1755,20,20,16,1,timeout,87,161,0,22701,10,1,False,6653054,144516
337412,9876,rocketfuel-bb-AS-1755,20,20,16,1,timeout,87,161,0,22701,2,1,False,6653054,144516
280101,9876,rocketfuel-bb-AS-1755,20,20,16,1,timeout,87,161,0,22701,14,1,False,6653054,144516
700542,9876,rocketfuel-bb-AS-1755,20,20,16,1,timeout,87,161,0,22701,13,1,False,6653054,144516
385117,9876,rocketfuel-bb-AS-1755,20,20,16,1,timeout,87,161,0,22701,3,1,False,6653054,144516
818231,919896,as-733,8,20,16,1,timeout,1470,3131,0,441471,16,1,False,26892568,925344
781676,919896,as-733,8,20,16,1,timeout,1470,3131,0,441471,5,1,False,26892568,925344
1284903,919896,as-733,8,20,16,1,timeout,1470,3131,0,441471,4,1,False,26892568,925344
412001,920040,as-733,8,20,16,1,timeout,1470,3131,0,441471,1,1,False,26892568,925344
393315,919896,as-733,8,20,16,1,timeout,1470,3131,0,441471,9,1,False,26892568,925344
783697,919896,as-733,8,20,16,1,timeout,1470,3131,0,441471,8,1,False,26892568,925344
1249282,920040,as-733,8,20,16,1,timeout,1470,3131,0,441471,12,1,True,26892568,925344
4266052,920040,as-733,8,20,16,1,timeout,1470,3131,0,441471,15,1,True,26892568,925344
4459250,919896,as-733,8,20,16,1,timeout,1470,3131,0,441471,7,1,False,26892568,925344
4573071,919896,as-733,8,20,16,1,timeout,1470,3131,0,441471,11,1,False,26892568,925344
399112,919896,as-733,8,20,16,1,timeout,1470,3131,0,441471,6,1,False,26892568,925344
1326228,919896,as-733,8,20,16,1,timeout,1470,3131,0,441471,10,1,False,26892568,925344
706473,919896,as-733,8,20,16,1,timeout,1470,3131,0,441471,2,1,False,26892568,925344
791487,919896,as-733,8,20,16,1,timeout,1470,3131,0,441471,14,1,False,26892568,925344
1491227,919896,as-733,8,20,16,1,timeout,1470,3131,0,441471,13,1,False,26892568,925344
391783,919896,as-733,8,20,16,1,timeout,1470,3131,0,441471,3,1,False,26892568,925344
264760,21104,rocketfuel-bb-AS-3257,8,20,16,1,timeout,161,328,0,46248,16,1,False,8842493,155456
462401,21104,rocketfuel-bb-AS-3257,8,20,16,1,timeout,161,328,0,46248,5,1,False,8842493,155456
274335,21104,rocketfuel-bb-AS-3257,8,20,16,1,timeout,161,328,0,46248,4,1,False,8842493,155456
1269274,21248,rocketfuel-bb-AS-3257,8,20,16,1,timeout,161,328,0,46248,1,1,False,8842493,155456
437722,21104,rocketfuel-bb-AS-3257,8,20,16,1,timeout,161,328,0,46248,9,1,False,8842493,155456
288780,21104,rocketfuel-bb-AS-3257,8,20,16,1,timeout,161,328,0,46248,8,1,False,8842493,155456
288520,21104,rocketfuel-bb-AS-3257,8,20,16,1,timeout,161,328,0,46248,12,1,False,8842493,155456
772466,21104,rocketfuel-bb-AS-3257,8,20,16,1,timeout,161,328,0,46248,15,1,False,8842493,155456
267072,21104,rocketfuel-bb-AS-3257,8,20,16,1,timeout,161,328,0,46248,7,1,False,8842493,155456
276192,21104,rocketfuel-bb-AS-3257,8,20,16,1,timeout,161,328,0,46248,11,1,False,8842493,155456
280393,21104,rocketfuel-bb-AS-3257,8,20,16,1,timeout,161,328,0,46248,6,1,False,8842493,155456
485241,21104,rocketfuel-bb-AS-3257,8,20,16,1,timeout,161,328,0,46248,10,1,False,8842493,155456
1236665,21104,rocketfuel-bb-AS-3257,8,20,16,1,timeout,161,328,0,46248,2,1,False,8842493,155456
979748,21104,rocketfuel-bb-AS-3257,8,20,16,1,timeout,161,328,0,46248,14,1,False,8842493,155456
574463,21104,rocketfuel-bb-AS-3257,8,20,16,1,timeout,161,328,0,46248,13,1,False,8842493,155456
546089,21104,rocketfuel-bb-AS-3257,8,20,16,1,timeout,161,328,0,46248,3,1,False,8842493,155456
321203,9404,rocketfuel-bb-AS-1221,4,20,16,1,timeout,108,153,0,21573,16,1,False,8747758,143756
370282,9404,rocketfuel-bb-AS-1221,4,20,16,1,timeout,108,153,0,21573,5,1,False,8747758,143756
560376,9404,rocketfuel-bb-AS-1221,4,20,16,1,timeout,108,153,0,21573,4,1,False,8747758,143756
295257,9548,rocketfuel-bb-AS-1221,4,20,16,1,timeout,108,153,0,21573,1,1,False,8747758,143756
301501,9404,rocketfuel-bb-AS-1221,4,20,16,1,timeout,108,153,0,21573,9,1,False,8747758,143756
314891,9404,rocketfuel-bb-AS-1221,4,20,16,1,timeout,108,153,0,21573,8,1,False,8747758,143756
937097,9404,rocketfuel-bb-AS-1221,4,20,16,1,timeout,108,153,0,21573,12,1,False,8747758,143756
822870,9404,rocketfuel-bb-AS-1221,4,20,16,1,timeout,108,153,0,21573,15,1,False,8747758,143756
954681,9404,rocketfuel-bb-AS-1221,4,20,16,1,timeout,108,153,0,21573,7,1,False,8747758,143756
314202,9404,rocketfuel-bb-AS-1221,4,20,16,1,timeout,108,153,0,21573,11,1,False,8747758,143756
305139,9404,rocketfuel-bb-AS-1221,4,20,16,1,timeout,108,153,0,21573,6,1,False,8747758,143756
324914,9404,rocketfuel-bb-AS-1221,4,20,16,1,timeout,108,153,0,21573,10,1,False,8747758,143756
567883,9404,rocketfuel-bb-AS-1221,4,20,16,1,timeout,108,153,0,21573,2,1,False,8747758,143756
776679,9404,rocketfuel-bb-AS-1221,4,20,16,1,timeout,108,153,0,21573,14,1,False,8747758,143756
917281,9404,rocketfuel-bb-AS-1221,4,20,16,1,timeout,108,153,0,21573,13,1,False,8747758,143756
563429,9404,rocketfuel-bb-AS-1221,4,20,16,1,timeout,108,153,0,21573,3,1,False,8747758,143756
528488,9840,rocketfuel-bb-AS-3967,16,20,16,1,timeout,79,147,0,20727,16,1,False,8005674,144336
303385,9840,rocketfuel-bb-AS-3967,16,20,16,1,timeout,79,147,0,20727,5,1,False,8005674,144336
594758,9840,rocketfuel-bb-AS-3967,16,20,16,1,timeout,79,147,0,20727,4,1,True,8005674,144336
315422,9840,rocketfuel-bb-AS-3967,16,20,16,1,timeout,79,147,0,20727,1,1,False,8005674,144336
633465,9840,rocketfuel-bb-AS-3967,16,20,16,1,timeout,79,147,0,20727,9,1,True,8005674,144336
607061,9840,rocketfuel-bb-AS-3967,16,20,16,1,timeout,79,147,0,20727,8,1,True,8005674,144336
622260,9840,rocketfuel-bb-AS-3967,16,20,16,1,timeout,79,147,0,20727,12,1,True,8005674,144336
291981,9840,rocketfuel-bb-AS-3967,16,20,16,1,timeout,79,147,0,20727,15,1,False,8005674,144336
636854,9840,rocketfuel-bb-AS-3967,16,20,16,1,timeout,79,147,0,20727,7,1,True,8005674,144336
286416,9840,rocketfuel-bb-AS-3967,16,20,16,1,timeout,79,147,0,20727,11,1,False,8005674,144336
614560,9840,rocketfuel-bb-AS-3967,16,20,16,1,timeout,79,147,0,20727,6,1,False,8005674,144336
600613,9840,rocketfuel-bb-AS-3967,16,20,16,1,timeout,79,147,0,20727,10,1,False,8005674,144336
298601,9840,rocketfuel-bb-AS-3967,16,20,16,1,timeout,79,147,0,20727,2,1,False,8005674,144336
651490,9840,rocketfuel-bb-AS-3967,16,20,16,1,timeout,79,147,0,20727,14,1,False,8005674,144336
618892,9840,rocketfuel-bb-AS-3967,16,20,16,1,timeout,79,147,0,20727,13,1,True,8005674,144336
308660,9840,rocketfuel-bb-AS-3967,16,20,16,1,timeout,79,147,0,20727,3,1,False,8005674,144336
3606404,859208,as-733,16,20,16,1,timeout,1470,3131,0,441471,16,1,True,30721389,864288
3994176,859208,as-733,16,20,16,1,timeout,1470,3131,0,441471,5,1,True,30721389,864288
420182,859064,as-733,16,20,16,1,timeout,1470,3131,0,441471,4,1,False,30721389,864288
414860,859208,as-733,16,20,16,1,timeout,1470,3131,0,441471,1,1,False,30721389,864288
3939913,859064,as-733,16,20,16,1,timeout,1470,3131,0,441471,9,1,False,30721389,864288
645852,859064,as-733,16,20,16,1,timeout,1470,3131,0,441471,8,1,False,30721389,864288
705436,859064,as-733,16,20,16,1,timeout,1470,3131,0,441471,12,1,False,30721389,864288
376947,859064,as-733,16,20,16,1,timeout,1470,3131,0,441471,15,1,False,30721389,864288
3930482,859208,as-733,16,20,16,1,timeout,1470,3131,0,441471,7,1,True,30721389,864288
3724220,859064,as-733,16,20,16,1,timeout,1470,3131,0,441471,11,1,False,30721389,864288
417415,859064,as-733,16,20,16,1,timeout,1470,3131,0,441471,6,1,False,30721389,864288
674441,859064,as-733,16,20,16,1,timeout,1470,3131,0,441471,10,1,False,30721389,864288
672347,859064,as-733,16,20,16,1,timeout,1470,3131,0,441471,2,1,False,30721389,864288
358621,859064,as-733,16,20,16,1,timeout,1470,3131,0,441471,14,1,False,30721389,864288
414049,859064,as-733,16,20,16,1,timeout,1470,3131,0,441471,13,1,False,30721389,864288
3755801,859208,as-733,16,20,16,1,timeout,1470,3131,0,441471,3,1,True,30721389,864288
1236670,9316,rocketfuel-bb-AS-1221,20,20,16,1,timeout,108,153,0,21573,16,1,False,9723863,143668
389082,9316,rocketfuel-bb-AS-1221,20,20,16,1,timeout,108,153,0,21573,5,1,False,9723863,143668
297663,9316,rocketfuel-bb-AS-1221,20,20,16,1,timeout,108,153,0,21573,4,1,False,9723863,143668
351007,9460,rocketfuel-bb-AS-1221,20,20,16,1,timeout,108,153,0,21573,1,1,False,9723863,143668
889805,9316,rocketfuel-bb-AS-1221,20,20,16,1,timeout,108,153,0,21573,9,1,False,9723863,143668
1016329,9316,rocketfuel-bb-AS-1221,20,20,16,1,timeout,108,153,0,21573,8,1,False,9723863,143668
311561,9316,rocketfuel-bb-AS-1221,20,20,16,1,timeout,108,153,0,21573,12,1,False,9723863,143668
553379,9316,rocketfuel-bb-AS-1221,20,20,16,1,timeout,108,153,0,21573,15,1,False,9723863,143668
351348,9316,rocketfuel-bb-AS-1221,20,20,16,1,timeout,108,153,0,21573,7,1,False,9723863,143668
932590,9316,rocketfuel-bb-AS-1221,20,20,16,1,timeout,108,153,0,21573,11,1,False,9723863,143668
344234,9316,rocketfuel-bb-AS-1221,20,20,16,1,timeout,108,153,0,21573,6,1,False,9723863,143668
628552,9316,rocketfuel-bb-AS-1221,20,20,16,1,timeout,108,153,0,21573,10,1,False,9723863,143668
743449,9316,rocketfuel-bb-AS-1221,20,20,16,1,timeout,108,153,0,21573,2,1,False,9723863,143668
289386,9316,rocketfuel-bb-AS-1221,20,20,16,1,timeout,108,153,0,21573,14,1,False,9723863,143668
923496,9460,rocketfuel-bb-AS-1221,20,20,16,1,timeout,108,153,0,21573,13,1,True,9723863,143668
373502,9316,rocketfuel-bb-AS-1221,20,20,16,1,timeout,108,153,0,21573,3,1,False,9723863,143668
895228,12488,as-733,4,20,16,1,timeout,103,239,0,33699,16,1,False,10408809,146984
588847,12488,as-733,4,20,16,1,timeout,103,239,0,33699,5,1,False,10408809,146984
1296808,12488,as-733,4,20,16,1,timeout,103,239,0,33699,4,1,False,10408809,146984
962106,12632,as-733,4,20,16,1,timeout,103,239,0,33699,1,1,True,10408809,146984
655907,12632,as-733,4,20,16,1,timeout,103,239,0,33699,9,1,True,10408809,146984
1023064,12488,as-733,4,20,16,1,timeout,103,239,0,33699,8,1,False,10408809,146984
332729,12488,as-733,4,20,16,1,timeout,103,239,0,33699,12,1,False,10408809,146984
282493,12488,as-733,4,20,16,1,timeout,103,239,0,33699,15,1,False,10408809,146984
375787,12488,as-733,4,20,16,1,timeout,103,239,0,33699,7,1,False,10408809,146984
657634,12632,as-733,4,20,16,1,timeout,103,239,0,33699,11,1,True,10408809,146984
540064,12488,as-733,4,20,16,1,timeout,103,239,0,33699,6,1,False,10408809,146984
846672,12488,as-733,4,20,16,1,timeout,103,239,0,33699,10,1,False,10408809,146984
332677,12488,as-733,4,20,16,1,timeout,103,239,0,33699,2,1,False,10408809,146984
279650,12344,as-733,4,20,16,1,timeout,103,239,0,33699,14,1,False,10408809,146984
708869,12488,as-733,4,20,16,1,timeout,103,239,0,33699,13,1,False,10408809,146984
510423,12488,as-733,4,20,16,1,timeout,103,239,0,33699,3,1,False,10408809,146984
329118,9608,rocketfuel-bb-AS-3967,20,20,16,1,timeout,79,147,0,20727,16,1,False,6024452,144104
283641,9608,rocketfuel-bb-AS-3967,20,20,16,1,timeout,79,147,0,20727,5,1,False,6024452,144104
518113,9752,rocketfuel-bb-AS-3967,20,20,16,1,timeout,79,147,0,20727,4,1,True,6024452,144104
289751,9752,rocketfuel-bb-AS-3967,20,20,16,1,timeout,79,147,0,20727,1,1,False,6024452,144104
301049,9608,rocketfuel-bb-AS-3967,20,20,16,1,timeout,79,147,0,20727,9,1,False,6024452,144104
523060,9608,rocketfuel-bb-AS-3967,20,20,16,1,timeout,79,147,0,20727,8,1,False,6024452,144104
311357,9608,rocketfuel-bb-AS-3967,20,20,16,1,timeout,79,147,0,20727,12,1,False,6024452,144104
328644,9608,rocketfuel-bb-AS-3967,20,20,16,1,timeout,79,147,0,20727,15,1,False,6024452,144104
336389,9608,rocketfuel-bb-AS-3967,20,20,16,1,timeout,79,147,0,20727,7,1,False,6024452,144104
285016,9608,rocketfuel-bb-AS-3967,20,20,16,1,timeout,79,147,0,20727,11,1,False,6024452,144104
544618,9752,rocketfuel-bb-AS-3967,20,20,16,1,timeout,79,147,0,20727,6,1,True,6024452,144104
355560,9608,rocketfuel-bb-AS-3967,20,20,16,1,timeout,79,147,0,20727,10,1,False,6024452,144104
336589,9608,rocketfuel-bb-AS-3967,20,20,16,1,timeout,79,147,0,20727,2,1,False,6024452,144104
562763,9608,rocketfuel-bb-AS-3967,20,20,16,1,timeout,79,147,0,20727,14,1,False,6024452,144104
325826,9608,rocketfuel-bb-AS-3967,20,20,16,1,timeout,79,147,0,20727,13,1,False,6024452,144104
304815,9608,rocketfuel-bb-AS-3967,20,20,16,1,timeout,79,147,0,20727,3,1,False,6024452,144104
402834,885880,as-733,12,20,16,1,timeout,1470,3131,0,441471,16,1,False,32181259,890928
371168,885880,as-733,12,20,16,1,timeout,1470,3131,0,441471,5,1,False,32181259,890928
343824,885880,as-733,12,20,16,1,timeout,1470,3131,0,441471,4,1,False,32181259,890928
430445,885880,as-733,12,20,16,1,timeout,1470,3131,0,441471,1,1,False,32181259,890928
5072261,886024,as-733,12,20,16,1,timeout,1470,3131,0,441471,9,1,True,32181259,890928
371746,885880,as-733,12,20,16,1,timeout,1470,3131,0,441471,8,1,False,32181259,890928
5218323,886024,as-733,12,20,16,1,timeout,1470,3131,0,441471,12,1,True,32181259,890928
1983874,885880,as-733,12,20,16,1,timeout,1470,3131,0,441471,15,1,False,32181259,890928
1896405,885880,as-733,12,20,16,1,timeout,1470,3131,0,441471,7,1,False,32181259,890928
5102443,885880,as-733,12,20,16,1,timeout,1470,3131,0,441471,11,1,False,32181259,890928
376354,885880,as-733,12,20,16,1,timeout,1470,3131,0,441471,6,1,False,32181259,890928
1993752,885880,as-733,12,20,16,1,timeout,1470,3131,0,441471,10,1,False,32181259,890928
1864708,886024,as-733,12,20,16,1,timeout,1470,3131,0,441471,2,1,True,32181259,890928
3332607,885880,as-733,12,20,16,1,timeout,1470,3131,0,441471,14,1,False,32181259,890928
367509,885880,as-733,12,20,16,1,timeout,1470,3131,0,441471,13,1,False,32181259,890928
370504,885880,as-733,12,20,16,1,timeout,1470,3131,0,441471,3,1,False,32181259,890928
273933,9908,rocketfuel-bb-AS-1755,8,20,16,1,timeout,87,161,0,22701,16,1,False,4546036,144692
271473,9908,rocketfuel-bb-AS-1755,8,20,16,1,timeout,87,161,0,22701,5,1,False,4546036,144692
268501,9908,rocketfuel-bb-AS-1755,8,20,16,1,timeout,87,161,0,22701,4,1,False,4546036,144692
232266,9908,rocketfuel-bb-AS-1755,8,20,16,1,timeout,87,161,0,22701,1,1,False,4546036,144692
272669,9908,rocketfuel-bb-AS-1755,8,20,16,1,timeout,87,161,0,22701,9,1,False,4546036,144692
280997,9908,rocketfuel-bb-AS-1755,8,20,16,1,timeout,87,161,0,22701,8,1,False,4546036,144692
260432,9908,rocketfuel-bb-AS-1755,8,20,16,1,timeout,87,161,0,22701,12,1,False,4546036,144692
274649,9908,rocketfuel-bb-AS-1755,8,20,16,1,timeout,87,161,0,22701,15,1,False,4546036,144692
283612,9908,rocketfuel-bb-AS-1755,8,20,16,1,timeout,87,161,0,22701,7,1,False,4546036,144692
253950,9908,rocketfuel-bb-AS-1755,8,20,16,1,timeout,87,161,0,22701,11,1,False,4546036,144692
269179,9908,rocketfuel-bb-AS-1755,8,20,16,1,timeout,87,161,0,22701,6,1,False,4546036,144692
445997,9908,rocketfuel-bb-AS-1755,8,20,16,1,timeout,87,161,0,22701,10,1,False,4546036,144692
279455,9908,rocketfuel-bb-AS-1755,8,20,16,1,timeout,87,161,0,22701,2,1,False,4546036,144692
285536,9908,rocketfuel-bb-AS-1755,8,20,16,1,timeout,87,161,0,22701,14,1,False,4546036,144692
262762,9908,rocketfuel-bb-AS-1755,8,20,16,1,timeout,87,161,0,22701,13,1,False,4546036,144692
241698,9908,rocketfuel-bb-AS-1755,8,20,16,1,timeout,87,161,0,22701,3,1,False,4546036,144692
2259397,838416,as-733,20,20,16,1,timeout,1470,3131,0,441471,16,1,True,21455146,843408
664512,838272,as-733,20,20,16,1,timeout,1470,3131,0,441471,5,1,False,21455146,843408
1649156,838416,as-733,20,20,16,1,timeout,1470,3131,0,441471,4,1,True,21455146,843408
456360,838416,as-733,20,20,16,1,timeout,1470,3131,0,441471,1,1,False,21455146,843408
1629598,838272,as-733,20,20,16,1,timeout,1470,3131,0,441471,9,1,False,21455146,843408
619670,838272,as-733,20,20,16,1,timeout,1470,3131,0,441471,8,1,False,21455146,843408
381701,838272,as-733,20,20,16,1,timeout,1470,3131,0,441471,12,1,False,21455146,843408
649129,838272,as-733,20,20,16,1,timeout,1470,3131,0,441471,15,1,False,21455146,843408
1969851,838272,as-733,20,20,16,1,timeout,1470,3131,0,441471,7,1,False,21455146,843408
1699312,838272,as-733,20,20,16,1,timeout,1470,3131,0,441471,11,1,False,21455146,843408
396899,838272,as-733,20,20,16,1,timeout,1470,3131,0,441471,6,1,False,21455146,843408
392617,838272,as-733,20,20,16,1,timeout,1470,3131,0,441471,10,1,False,21455146,843408
626820,838272,as-733,20,20,16,1,timeout,1470,3131,0,441471,2,1,False,21455146,843408
656974,838272,as-733,20,20,16,1,timeout,1470,3131,0,441471,14,1,False,21455146,843408
387235,838272,as-733,20,20,16,1,timeout,1470,3131,0,441471,13,1,False,21455146,843408
4445501,838272,as-733,20,20,16,1,timeout,1470,3131,0,441471,3,1,False,21455146,843408
305269,9720,rocketfuel-bb-AS-3967,4,20,16,1,timeout,79,147,0,20727,16,1,False,5036210,143928
295771,9720,rocketfuel-bb-AS-3967,4,20,16,1,timeout,79,147,0,20727,5,1,False,5036210,143928
287073,9720,rocketfuel-bb-AS-3967,4,20,16,1,timeout,79,147,0,20727,4,1,True,5036210,143928
276237,9720,rocketfuel-bb-AS-3967,4,20,16,1,timeout,79,147,0,20727,1,1,True,5036210,143928
339389,9720,rocketfuel-bb-AS-3967,4,20,16,1,timeout,79,147,0,20727,9,1,True,5036210,143928
349679,9720,rocketfuel-bb-AS-3967,4,20,16,1,timeout,79,147,0,20727,8,1,False,5036210,143928
300219,9720,rocketfuel-bb-AS-3967,4,20,16,1,timeout,79,147,0,20727,12,1,False,5036210,143928
316767,9720,rocketfuel-bb-AS-3967,4,20,16,1,timeout,79,147,0,20727,15,1,True,5036210,143928
316740,9720,rocketfuel-bb-AS-3967,4,20,16,1,timeout,79,147,0,20727,7,1,False,5036210,143928
314727,9720,rocketfuel-bb-AS-3967,4,20,16,1,timeout,79,147,0,20727,11,1,False,5036210,143928
303500,9720,rocketfuel-bb-AS-3967,4,20,16,1,timeout,79,147,0,20727,6,1,False,5036210,143928
360048,9720,rocketfuel-bb-AS-3967,4,20,16,1,timeout,79,147,0,20727,10,1,True,5036210,143928
222878,9576,rocketfuel-bb-AS-3967,4,20,16,1,timeout,79,147,0,20727,2,1,False,5036210,143928
338073,9720,rocketfuel-bb-AS-3967,4,20,16,1,timeout,79,147,0,20727,14,1,True,5036210,143928
343520,9720,rocketfuel-bb-AS-3967,4,20,16,1,timeout,79,147,0,20727,13,1,True,5036210,143928
275600,9576,rocketfuel-bb-AS-3967,4,20,16,1,timeout,79,147,0,20727,3,1,False,5036210,143928
3415665,874600,as-733,4,20,16,1,timeout,1470,3131,0,441471,16,1,True,50150301,879696
3498270,874600,as-733,4,20,16,1,timeout,1470,3131,0,441471,5,1,True,50150301,879696
3508797,874600,as-733,4,20,16,1,timeout,1470,3131,0,441471,4,1,False,50150301,879696
3639103,874600,as-733,4,20,16,1,timeout,1470,3131,0,441471,1,1,True,50150301,879696
3414137,874600,as-733,4,20,16,1,timeout,1470,3131,0,441471,9,1,False,50150301,879696
3349915,874600,as-733,4,20,16,1,timeout,1470,3131,0,441471,8,1,True,50150301,879696
4107760,874600,as-733,4,20,16,1,timeout,1470,3131,0,441471,12,1,False,50150301,879696
3379849,874600,as-733,4,20,16,1,timeout,1470,3131,0,441471,15,1,False,50150301,879696
3554457,874600,as-733,4,20,16,1,timeout,1470,3131,0,441471,7,1,True,50150301,879696
3409622,874600,as-733,4,20,16,1,timeout,1470,3131,0,441471,11,1,False,50150301,879696
3503433,874600,as-733,4,20,16,1,timeout,1470,3131,0,441471,6,1,True,50150301,879696
3829913,874600,as-733,4,20,16,1,timeout,1470,3131,0,441471,10,1,True,50150301,879696
380583,874600,as-733,4,20,16,1,timeout,1470,3131,0,441471,2,1,False,50150301,879696
408178,874600,as-733,4,20,16,1,timeout,1470,3131,0,441471,14,1,False,50150301,879696
395006,874600,as-733,4,20,16,1,timeout,1470,3131,0,441471,13,1,False,50150301,879696
3713615,874600,as-733,4,20,16,1,timeout,1470,3131,0,441471,3,1,False,50150301,879696
308006,9820,rocketfuel-bb-AS-1755,12,20,16,1,timeout,87,161,0,22701,16,1,False,2802051,144316
277969,9820,rocketfuel-bb-AS-1755,12,20,16,1,timeout,87,161,0,22701,5,1,False,2802051,144316
52970,9820,rocketfuel-bb-AS-1755,12,20,16,1,timeout,87,161,0,22701,4,1,False,2802051,144316
58505,9964,rocketfuel-bb-AS-1755,12,20,16,1,timeout,87,161,0,22701,1,1,False,2802051,144316
55437,9820,rocketfuel-bb-AS-1755,12,20,16,1,timeout,87,161,0,22701,9,1,False,2802051,144316
286707,9820,rocketfuel-bb-AS-1755,12,20,16,1,timeout,87,161,0,22701,8,1,False,2802051,144316
55764,9820,rocketfuel-bb-AS-1755,12,20,16,1,timeout,87,161,0,22701,12,1,False,2802051,144316
55500,9820,rocketfuel-bb-AS-1755,12,20,16,1,timeout,87,161,0,22701,15,1,False,2802051,144316
267703,9820,rocketfuel-bb-AS-1755,12,20,16,1,timeout,87,161,0,22701,7,1,False,2802051,144316
56875,9820,rocketfuel-bb-AS-1755,12,20,16,1,timeout,87,161,0,22701,11,1,False,2802051,144316
56186,9820,rocketfuel-bb-AS-1755,12,20,16,1,timeout,87,161,0,22701,6,1,False,2802051,144316
310248,9820,rocketfuel-bb-AS-1755,12,20,16,1,timeout,87,161,0,22701,10,1,False,2802051,144316
270890,9820,rocketfuel-bb-AS-1755,12,20,16,1,timeout,87,161,0,22701,2,1,False,2802051,144316
53720,9820,rocketfuel-bb-AS-1755,12,20,16,1,timeout,87,161,0,22701,14,1,False,2802051,144316
279040,9964,rocketfuel-bb-AS-1755,12,20,16,1,timeout,87,161,0,22701,13,1,True,2802051,144316
271806,9820,rocketfuel-bb-AS-1755,12,20,16,1,timeout,87,161,0,22701,3,1,False,2802051,144316
311776,9364,rocketfuel-bb-AS-1221,12,20,16,1,timeout,108,153,0,21573,16,1,False,8115812,144148
275532,9364,rocketfuel-bb-AS-1221,12,20,16,1,timeout,108,153,0,21573,5,1,False,8115812,144148
272740,9364,rocketfuel-bb-AS-1221,12,20,16,1,timeout,108,153,0,21573,4,1,False,8115812,144148
572157,9508,rocketfuel-bb-AS-1221,12,20,16,1,timeout,108,153,0,21573,1,1,False,8115812,144148
299437,9364,rocketfuel-bb-AS-1221,12,20,16,1,timeout,108,153,0,21573,9,1,False,8115812,144148
581420,9364,rocketfuel-bb-AS-1221,12,20,16,1,timeout,108,153,0,21573,8,1,False,8115812,144148
884162,9364,rocketfuel-bb-AS-1221,12,20,16,1,timeout,108,153,0,21573,12,1,False,8115812,144148
293162,9364,rocketfuel-bb-AS-1221,12,20,16,1,timeout,108,153,0,21573,15,1,False,8115812,144148
295808,9364,rocketfuel-bb-AS-1221,12,20,16,1,timeout,108,153,0,21573,7,1,False,8115812,144148
568583,9364,rocketfuel-bb-AS-1221,12,20,16,1,timeout,108,153,0,21573,11,1,False,8115812,144148
292769,9364,rocketfuel-bb-AS-1221,12,20,16,1,timeout,108,153,0,21573,6,1,False,8115812,144148
994172,9364,rocketfuel-bb-AS-1221,12,20,16,1,timeout,108,153,0,21573,10,1,False,8115812,144148
558702,9364,rocketfuel-bb-AS-1221,12,20,16,1,timeout,108,153,0,21573,2,1,False,8115812,144148
768959,9364,rocketfuel-bb-AS-1221,12,20,16,1,timeout,108,153,0,21573,14,1,False,8115812,144148
428016,9364,rocketfuel-bb-AS-1221,12,20,16,1,timeout,108,153,0,21573,13,1,False,8115812,144148
618880,9364,rocketfuel-bb-AS-1221,12,20,16,1,timeout,108,153,0,21573,3,1,False,8115812,144148
423465,24804,rocketfuel-bb-AS-6461,16,20,16,1,timeout,141,374,0,52734,16,1,True,7275812,159156
395535,24660,rocketfuel-bb-AS-6461,16,20,16,1,timeout,141,374,0,52734,5,1,True,7275812,159156
413654,24660,rocketfuel-bb-AS-6461,16,20,16,1,timeout,141,374,0,52734,4,1,False,7275812,159156
275809,24804,rocketfuel-bb-AS-6461,16,20,16,1,timeout,141,374,0,52734,1,1,False,7275812,159156
670845,24660,rocketfuel-bb-AS-6461,16,20,16,1,timeout,141,374,0,52734,9,1,False,7275812,159156
627751,24660,rocketfuel-bb-AS-6461,16,20,16,1,timeout,141,374,0,52734,8,1,False,7275812,159156
408272,24804,rocketfuel-bb-AS-6461,16,20,16,1,timeout,141,374,0,52734,12,1,True,7275812,159156
688814,24804,rocketfuel-bb-AS-6461,16,20,16,1,timeout,141,374,0,52734,15,1,True,7275812,159156
313727,24660,rocketfuel-bb-AS-6461,16,20,16,1,timeout,141,374,0,52734,7,1,False,7275812,159156
439494,24804,rocketfuel-bb-AS-6461,16,20,16,1,timeout,141,374,0,52734,11,1,True,7275812,159156
730475,24804,rocketfuel-bb-AS-6461,16,20,16,1,timeout,141,374,0,52734,6,1,True,7275812,159156
418990,24804,rocketfuel-bb-AS-6461,16,20,16,1,timeout,141,374,0,52734,10,1,True,7275812,159156
341043,24804,rocketfuel-bb-AS-6461,16,20,16,1,timeout,141,374,0,52734,2,1,True,7275812,159156
395183,24804,rocketfuel-bb-AS-6461,16,20,16,1,timeout,141,374,0,52734,14,1,True,7275812,159156
320122,24660,rocketfuel-bb-AS-6461,16,20,16,1,timeout,141,374,0,52734,13,1,False,7275812,159156
256111,24660,rocketfuel-bb-AS-6461,16,20,16,1,timeout,141,374,0,52734,3,1,False,7275812,159156
329078,20752,rocketfuel-bb-AS-3257,4,20,16,1,timeout,161,328,0,46248,16,1,False,9382930,155104
335561,20752,rocketfuel-bb-AS-3257,4,20,16,1,timeout,161,328,0,46248,5,1,False,9382930,155104
590426,20752,rocketfuel-bb-AS-3257,4,20,16,1,timeout,161,328,0,46248,4,1,False,9382930,155104
678526,20896,rocketfuel-bb-AS-3257,4,20,16,1,timeout,161,328,0,46248,1,1,True,9382930,155104
324492,20752,rocketfuel-bb-AS-3257,4,20,16,1,timeout,161,328,0,46248,9,1,False,9382930,155104
310911,20752,rocketfuel-bb-AS-3257,4,20,16,1,timeout,161,328,0,46248,8,1,False,9382930,155104
299936,20752,rocketfuel-bb-AS-3257,4,20,16,1,timeout,161,328,0,46248,12,1,False,9382930,155104
640860,20752,rocketfuel-bb-AS-3257,4,20,16,1,timeout,161,328,0,46248,15,1,False,9382930,155104
363746,20752,rocketfuel-bb-AS-3257,4,20,16,1,timeout,161,328,0,46248,7,1,False,9382930,155104
615520,20752,rocketfuel-bb-AS-3257,4,20,16,1,timeout,161,328,0,46248,11,1,False,9382930,155104
1442601,20896,rocketfuel-bb-AS-3257,4,20,16,1,timeout,161,328,0,46248,6,1,True,9382930,155104
304540,20752,rocketfuel-bb-AS-3257,4,20,16,1,timeout,161,328,0,46248,10,1,False,9382930,155104
1024232,20752,rocketfuel-bb-AS-3257,4,20,16,1,timeout,161,328,0,46248,2,1,False,9382930,155104
1004910,20752,rocketfuel-bb-AS-3257,4,20,16,1,timeout,161,328,0,46248,14,1,False,9382930,155104
624095,20752,rocketfuel-bb-AS-3257,4,20,16,1,timeout,161,328,0,46248,13,1,False,9382930,155104
330288,20752,rocketfuel-bb-AS-3257,4,20,16,1,timeout,161,328,0,46248,3,1,False,9382930,155104
312201,10100,rocketfuel-bb-AS-1755,16,20,16,1,timeout,87,161,0,22701,16,1,False,4429647,144596
283590,10100,rocketfuel-bb-AS-1755,16,20,16,1,timeout,87,161,0,22701,5,1,False,4429647,144596
364219,10100,rocketfuel-bb-AS-1755,16,20,16,1,timeout,87,161,0,22701,4,1,False,4429647,144596
278520,10100,rocketfuel-bb-AS-1755,16,20,16,1,timeout,87,161,0,22701,1,1,False,4429647,144596
299008,10100,rocketfuel-bb-AS-1755,16,20,16,1,timeout,87,161,0,22701,9,1,False,4429647,144596
361473,10100,rocketfuel-bb-AS-1755,16,20,16,1,timeout,87,161,0,22701,8,1,True,4429647,144596
59001,10100,rocketfuel-bb-AS-1755,16,20,16,1,timeout,87,161,0,22701,12,1,False,4429647,144596
333703,10100,rocketfuel-bb-AS-1755,16,20,16,1,timeout,87,161,0,22701,15,1,False,4429647,144596
63314,10100,rocketfuel-bb-AS-1755,16,20,16,1,timeout,87,161,0,22701,7,1,False,4429647,144596
336353,10100,rocketfuel-bb-AS-1755,16,20,16,1,timeout,87,161,0,22701,11,1,False,4429647,144596
346639,10100,rocketfuel-bb-AS-1755,16,20,16,1,timeout,87,161,0,22701,6,1,True,4429647,144596
295270,10100,rocketfuel-bb-AS-1755,16,20,16,1,timeout,87,161,0,22701,10,1,True,4429647,144596
68034,10100,rocketfuel-bb-AS-1755,16,20,16,1,timeout,87,161,0,22701,2,1,False,4429647,144596
330081,10100,rocketfuel-bb-AS-1755,16,20,16,1,timeout,87,161,0,22701,14,1,False,4429647,144596
316078,10100,rocketfuel-bb-AS-1755,16,20,16,1,timeout,87,161,0,22701,13,1,False,4429647,144596
286082,10100,rocketfuel-bb-AS-1755,16,20,16,1,timeout,87,161,0,22701,3,1,True,4429647,144596
300977,10156,rocketfuel-bb-AS-1755,4,20,16,1,timeout,87,161,0,22701,16,1,False,5833075,144508
589509,10156,rocketfuel-bb-AS-1755,4,20,16,1,timeout,87,161,0,22701,5,1,True,5833075,144508
315528,10156,rocketfuel-bb-AS-1755,4,20,16,1,timeout,87,161,0,22701,4,1,False,5833075,144508
303009,10156,rocketfuel-bb-AS-1755,4,20,16,1,timeout,87,161,0,22701,1,1,False,5833075,144508
466436,10156,rocketfuel-bb-AS-1755,4,20,16,1,timeout,87,161,0,22701,9,1,False,5833075,144508
488568,10156,rocketfuel-bb-AS-1755,4,20,16,1,timeout,87,161,0,22701,8,1,False,5833075,144508
336630,10156,rocketfuel-bb-AS-1755,4,20,16,1,timeout,87,161,0,22701,12,1,False,5833075,144508
315149,10156,rocketfuel-bb-AS-1755,4,20,16,1,timeout,87,161,0,22701,15,1,False,5833075,144508
271320,10156,rocketfuel-bb-AS-1755,4,20,16,1,timeout,87,161,0,22701,7,1,False,5833075,144508
298546,10156,rocketfuel-bb-AS-1755,4,20,16,1,timeout,87,161,0,22701,11,1,False,5833075,144508
299412,10156,rocketfuel-bb-AS-1755,4,20,16,1,timeout,87,161,0,22701,6,1,False,5833075,144508
473367,10156,rocketfuel-bb-AS-1755,4,20,16,1,timeout,87,161,0,22701,10,1,False,5833075,144508
366462,10156,rocketfuel-bb-AS-1755,4,20,16,1,timeout,87,161,0,22701,2,1,False,5833075,144508
287109,10156,rocketfuel-bb-AS-1755,4,20,16,1,timeout,87,161,0,22701,14,1,False,5833075,144508
319109,10156,rocketfuel-bb-AS-1755,4,20,16,1,timeout,87,161,0,22701,13,1,False,5833075,144508
326525,10156,rocketfuel-bb-AS-1755,4,20,16,1,timeout,87,161,0,22701,3,1,False,5833075,144508
300281,24948,rocketfuel-bb-AS-6461,8,20,16,1,timeout,141,374,0,52734,16,1,False,8224714,159444
353328,24948,rocketfuel-bb-AS-6461,8,20,16,1,timeout,141,374,0,52734,5,1,False,8224714,159444
758348,24948,rocketfuel-bb-AS-6461,8,20,16,1,timeout,141,374,0,52734,4,1,True,8224714,159444
320495,24948,rocketfuel-bb-AS-6461,8,20,16,1,timeout,141,374,0,52734,1,1,False,8224714,159444
469896,24948,rocketfuel-bb-AS-6461,8,20,16,1,timeout,141,374,0,52734,9,1,True,8224714,159444
688049,24948,rocketfuel-bb-AS-6461,8,20,16,1,timeout,141,374,0,52734,8,1,False,8224714,159444
450126,24948,rocketfuel-bb-AS-6461,8,20,16,1,timeout,141,374,0,52734,12,1,True,8224714,159444
311984,24948,rocketfuel-bb-AS-6461,8,20,16,1,timeout,141,374,0,52734,15,1,False,8224714,159444
418344,24948,rocketfuel-bb-AS-6461,8,20,16,1,timeout,141,374,0,52734,7,1,False,8224714,159444
399800,24948,rocketfuel-bb-AS-6461,8,20,16,1,timeout,141,374,0,52734,11,1,True,8224714,159444
419454,24948,rocketfuel-bb-AS-6461,8,20,16,1,timeout,141,374,0,52734,6,1,True,8224714,159444
399771,24948,rocketfuel-bb-AS-6461,8,20,16,1,timeout,141,374,0,52734,10,1,False,8224714,159444
688833,24948,rocketfuel-bb-AS-6461,8,20,16,1,timeout,141,374,0,52734,2,1,False,8224714,159444
293608,24948,rocketfuel-bb-AS-6461,8,20,16,1,timeout,141,374,0,52734,14,1,False,8224714,159444
768376,24948,rocketfuel-bb-AS-6461,8,20,16,1,timeout,141,374,0,52734,13,1,True,8224714,159444
1019665,24948,rocketfuel-bb-AS-6461,8,20,16,1,timeout,141,374,0,52734,3,1,False,8224714,159444
345710,9808,rocketfuel-bb-AS-3967,12,20,16,1,timeout,79,147,0,20727,16,1,False,5626465,144016
264815,9808,rocketfuel-bb-AS-3967,12,20,16,1,timeout,79,147,0,20727,5,1,False,5626465,144016
345515,9808,rocketfuel-bb-AS-3967,12,20,16,1,timeout,79,147,0,20727,4,1,False,5626465,144016
308200,9808,rocketfuel-bb-AS-3967,12,20,16,1,timeout,79,147,0,20727,1,1,False,5626465,144016
319803,9808,rocketfuel-bb-AS-3967,12,20,16,1,timeout,79,147,0,20727,9,1,False,5626465,144016
322081,9808,rocketfuel-bb-AS-3967,12,20,16,1,timeout,79,147,0,20727,8,1,False,5626465,144016
540337,9808,rocketfuel-bb-AS-3967,12,20,16,1,timeout,79,147,0,20727,12,1,False,5626465,144016
313779,9808,rocketfuel-bb-AS-3967,12,20,16,1,timeout,79,147,0,20727,15,1,False,5626465,144016
314516,9808,rocketfuel-bb-AS-3967,12,20,16,1,timeout,79,147,0,20727,7,1,True,5626465,144016
291654,9808,rocketfuel-bb-AS-3967,12,20,16,1,timeout,79,147,0,20727,11,1,False,5626465,144016
316526,9808,rocketfuel-bb-AS-3967,12,20,16,1,timeout,79,147,0,20727,6,1,False,5626465,144016
584755,9808,rocketfuel-bb-AS-3967,12,20,16,1,timeout,79,147,0,20727,10,1,False,5626465,144016
301429,9808,rocketfuel-bb-AS-3967,12,20,16,1,timeout,79,147,0,20727,2,1,False,5626465,144016
293899,9808,rocketfuel-bb-AS-3967,12,20,16,1,timeout,79,147,0,20727,14,1,True,5626465,144016
373911,9808,rocketfuel-bb-AS-3967,12,20,16,1,timeout,79,147,0,20727,13,1,False,5626465,144016
293423,9808,rocketfuel-bb-AS-3967,12,20,16,1,timeout,79,147,0,20727,3,1,False,5626465,144016
285384,119356,rocketfuel-bb-AS-1239,8,20,16,1,timeout,315,972,0,137052,16,1,False,11137405,253420
688157,119356,rocketfuel-bb-AS-1239,8,20,16,1,timeout,315,972,0,137052,5,1,False,11137405,253420
724857,119356,rocketfuel-bb-AS-1239,8,20,16,1,timeout,315,972,0,137052,4,1,False,11137405,253420
326460,119356,rocketfuel-bb-AS-1239,8,20,16,1,timeout,315,972,0,137052,1,1,False,11137405,253420
793792,119356,rocketfuel-bb-AS-1239,8,20,16,1,timeout,315,972,0,137052,9,1,True,11137405,253420
331269,119356,rocketfuel-bb-AS-1239,8,20,16,1,timeout,315,972,0,137052,8,1,False,11137405,253420
329972,119356,rocketfuel-bb-AS-1239,8,20,16,1,timeout,315,972,0,137052,12,1,False,11137405,253420
624319,119356,rocketfuel-bb-AS-1239,8,20,16,1,timeout,315,972,0,137052,15,1,False,11137405,253420
1410337,119356,rocketfuel-bb-AS-1239,8,20,16,1,timeout,315,972,0,137052,7,1,False,11137405,253420
1149754,119356,rocketfuel-bb-AS-1239,8,20,16,1,timeout,315,972,0,137052,11,1,False,11137405,253420
316689,119356,rocketfuel-bb-AS-1239,8,20,16,1,timeout,315,972,0,137052,6,1,False,11137405,253420
1066772,119356,rocketfuel-bb-AS-1239,8,20,16,1,timeout,315,972,0,137052,10,1,True,11137405,253420
670778,119356,rocketfuel-bb-AS-1239,8,20,16,1,timeout,315,972,0,137052,2,1,False,11137405,253420
296632,119356,rocketfuel-bb-AS-1239,8,20,16,1,timeout,315,972,0,137052,14,1,False,11137405,253420
325851,119356,rocketfuel-bb-AS-1239,8,20,16,1,timeout,315,972,0,137052,13,1,False,11137405,253420
1282556,119356,rocketfuel-bb-AS-1239,8,20,16,1,timeout,315,972,0,137052,3,1,True,11137405,253420
285950,9264,rocketfuel-bb-AS-1221,16,20,16,1,timeout,108,153,0,21573,16,1,False,10253900,143616
457718,9408,rocketfuel-bb-AS-1221,16,20,16,1,timeout,108,153,0,21573,5,1,True,10253900,143616
727486,9408,rocketfuel-bb-AS-1221,16,20,16,1,timeout,108,153,0,21573,4,1,True,10253900,143616
1011007,9408,rocketfuel-bb-AS-1221,16,20,16,1,timeout,108,153,0,21573,1,1,False,10253900,143616
292635,9264,rocketfuel-bb-AS-1221,16,20,16,1,timeout,108,153,0,21573,9,1,False,10253900,143616
408271,9408,rocketfuel-bb-AS-1221,16,20,16,1,timeout,108,153,0,21573,8,1,True,10253900,143616
1067453,9408,rocketfuel-bb-AS-1221,16,20,16,1,timeout,108,153,0,21573,12,1,True,10253900,143616
996683,9264,rocketfuel-bb-AS-1221,16,20,16,1,timeout,108,153,0,21573,15,1,False,10253900,143616
454142,9264,rocketfuel-bb-AS-1221,16,20,16,1,timeout,108,153,0,21573,7,1,False,10253900,143616
645737,9264,rocketfuel-bb-AS-1221,16,20,16,1,timeout,108,153,0,21573,11,1,False,10253900,143616
445071,9264,rocketfuel-bb-AS-1221,16,20,16,1,timeout,108,153,0,21573,6,1,False,10253900,143616
340592,9264,rocketfuel-bb-AS-1221,16,20,16,1,timeout,108,153,0,21573,10,1,False,10253900,143616
757806,9264,rocketfuel-bb-AS-1221,16,20,16,1,timeout,108,153,0,21573,2,1,False,10253900,143616
941932,9264,rocketfuel-bb-AS-1221,16,20,16,1,timeout,108,153,0,21573,14,1,False,10253900,143616
1029728,9264,rocketfuel-bb-AS-1221,16,20,16,1,timeout,108,153,0,21573,13,1,False,10253900,143616
290489,9264,rocketfuel-bb-AS-1221,16,20,16,1,timeout,108,153,0,21573,3,1,False,10253900,143616
1044790,21280,rocketfuel-bb-AS-3257,16,20,16,1,timeout,161,328,0,46248,16,1,True,11507150,155632
1218081,21280,rocketfuel-bb-AS-3257,16,20,16,1,timeout,161,328,0,46248,5,1,True,11507150,155632
606963,21280,rocketfuel-bb-AS-3257,16,20,16,1,timeout,161,328,0,46248,4,1,False,11507150,155632
819938,21280,rocketfuel-bb-AS-3257,16,20,16,1,timeout,161,328,0,46248,1,1,False,11507150,155632
732317,21280,rocketfuel-bb-AS-3257,16,20,16,1,timeout,161,328,0,46248,9,1,True,11507150,155632
664327,21280,rocketfuel-bb-AS-3257,16,20,16,1,timeout,161,328,0,46248,8,1,True,11507150,155632
672559,21280,rocketfuel-bb-AS-3257,16,20,16,1,timeout,161,328,0,46248,12,1,True,11507150,155632
569109,21280,rocketfuel-bb-AS-3257,16,20,16,1,timeout,161,328,0,46248,15,1,False,11507150,155632
614328,21280,rocketfuel-bb-AS-3257,16,20,16,1,timeout,161,328,0,46248,7,1,False,11507150,155632
631425,21280,rocketfuel-bb-AS-3257,16,20,16,1,timeout,161,328,0,46248,11,1,False,11507150,155632
638250,21280,rocketfuel-bb-AS-3257,16,20,16,1,timeout,161,328,0,46248,6,1,False,11507150,155632
700778,21280,rocketfuel-bb-AS-3257,16,20,16,1,timeout,161,328,0,46248,10,1,False,11507150,155632
291855,21280,rocketfuel-bb-AS-3257,16,20,16,1,timeout,161,328,0,46248,2,1,False,11507150,155632
293616,21280,rocketfuel-bb-AS-3257,16,20,16,1,timeout,161,328,0,46248,14,1,False,11507150,155632
635482,21280,rocketfuel-bb-AS-3257,16,20,16,1,timeout,161,328,0,46248,13,1,False,11507150,155632
1188073,21280,rocketfuel-bb-AS-3257,16,20,16,1,timeout,161,328,0,46248,3,1,True,11507150,155632
313775,25096,rocketfuel-bb-AS-6461,12,20,16,1,timeout,141,374,0,52734,16,1,True,8561411,159304
367186,24952,rocketfuel-bb-AS-6461,12,20,16,1,timeout,141,374,0,52734,5,1,False,8561411,159304
617009,24952,rocketfuel-bb-AS-6461,12,20,16,1,timeout,141,374,0,52734,4,1,False,8561411,159304
760654,24952,rocketfuel-bb-AS-6461,12,20,16,1,timeout,141,374,0,52734,1,1,False,8561411,159304
637787,24952,rocketfuel-bb-AS-6461,12,20,16,1,timeout,141,374,0,52734,9,1,False,8561411,159304
375300,24952,rocketfuel-bb-AS-6461,12,20,16,1,timeout,141,374,0,52734,8,1,False,8561411,159304
263385,24952,rocketfuel-bb-AS-6461,12,20,16,1,timeout,141,374,0,52734,12,1,False,8561411,159304
254244,24952,rocketfuel-bb-AS-6461,12,20,16,1,timeout,141,374,0,52734,15,1,False,8561411,159304
751351,24952,rocketfuel-bb-AS-6461,12,20,16,1,timeout,141,374,0,52734,7,1,False,8561411,159304
565700,24952,rocketfuel-bb-AS-6461,12,20,16,1,timeout,141,374,0,52734,11,1,False,8561411,159304
755992,25096,rocketfuel-bb-AS-6461,12,20,16,1,timeout,141,374,0,52734,6,1,True,8561411,159304
756091,24952,rocketfuel-bb-AS-6461,12,20,16,1,timeout,141,374,0,52734,10,1,False,8561411,159304
313218,24952,rocketfuel-bb-AS-6461,12,20,16,1,timeout,141,374,0,52734,2,1,False,8561411,159304
270234,24952,rocketfuel-bb-AS-6461,12,20,16,1,timeout,141,374,0,52734,14,1,False,8561411,159304
620497,25096,rocketfuel-bb-AS-6461,12,20,16,1,timeout,141,374,0,52734,13,1,True,8561411,159304
749377,24952,rocketfuel-bb-AS-6461,12,20,16,1,timeout,141,374,0,52734,3,1,False,8561411,159304
939510,12800,as-733,16,20,16,1,timeout,103,239,0,33699,16,1,True,8604458,147296
624462,12656,as-733,16,20,16,1,timeout,103,239,0,33699,5,1,False,8604458,147296
258538,12656,as-733,16,20,16,1,timeout,103,239,0,33699,4,1,False,8604458,147296
886039,12656,as-733,16,20,16,1,timeout,103,239,0,33699,1,1,False,8604458,147296
286247,12656,as-733,16,20,16,1,timeout,103,239,0,33699,9,1,False,8604458,147296
900400,12656,as-733,16,20,16,1,timeout,103,239,0,33699,8,1,False,8604458,147296
290004,12656,as-733,16,20,16,1,timeout,103,239,0,33699,12,1,False,8604458,147296
305625,12656,as-733,16,20,16,1,timeout,103,239,0,33699,15,1,False,8604458,147296
586830,12656,as-733,16,20,16,1,timeout,103,239,0,33699,7,1,False,8604458,147296
297177,12656,as-733,16,20,16,1,timeout,103,239,0,33699,11,1,False,8604458,147296
271734,12656,as-733,16,20,16,1,timeout,103,239,0,33699,6,1,False,8604458,147296
311039,12656,as-733,16,20,16,1,timeout,103,239,0,33699,10,1,False,8604458,147296
567942,12656,as-733,16,20,16,1,timeout,103,239,0,33699,2,1,False,8604458,147296
418201,12656,as-733,16,20,16,1,timeout,103,239,0,33699,14,1,False,8604458,147296
660288,12656,as-733,16,20,16,1,timeout,103,239,0,33699,13,1,False,8604458,147296
893083,12656,as-733,16,20,16,1,timeout,103,239,0,33699,3,1,False,8604458,147296
759308,12796,as-733,12,20,16,1,timeout,103,239,0,33699,16,1,False,11079474,147292
1113965,12796,as-733,12,20,16,1,timeout,103,239,0,33699,5,1,False,11079474,147292
525991,12796,as-733,12,20,16,1,timeout,103,239,0,33699,4,1,False,11079474,147292
526912,12940,as-733,12,20,16,1,timeout,103,239,0,33699,1,1,True,11079474,147292
313271,12796,as-733,12,20,16,1,timeout,103,239,0,33699,9,1,False,11079474,147292
304606,12796,as-733,12,20,16,1,timeout,103,239,0,33699,8,1,False,11079474,147292
292524,12796,as-733,12,20,16,1,timeout,103,239,0,33699,12,1,False,11079474,147292
1197530,12796,as-733,12,20,16,1,timeout,103,239,0,33699,15,1,False,11079474,147292
766952,12940,as-733,12,20,16,1,timeout,103,239,0,33699,7,1,True,11079474,147292
580262,12796,as-733,12,20,16,1,timeout,103,239,0,33699,11,1,False,11079474,147292
828378,12940,as-733,12,20,16,1,timeout,103,239,0,33699,6,1,True,11079474,147292
973502,12940,as-733,12,20,16,1,timeout,103,239,0,33699,10,1,True,11079474,147292
1100587,12940,as-733,12,20,16,1,timeout,103,239,0,33699,2,1,True,11079474,147292
532492,12796,as-733,12,20,16,1,timeout,103,239,0,33699,14,1,False,11079474,147292
322506,12796,as-733,12,20,16,1,timeout,103,239,0,33699,13,1,False,11079474,147292
819305,12796,as-733,12,20,16,1,timeout,103,239,0,33699,3,1,False,11079474,147292
914012,13032,as-733,8,20,16,1,timeout,103,239,0,33699,16,1,False,11816338,147528
886961,13032,as-733,8,20,16,1,timeout,103,239,0,33699,5,1,False,11816338,147528
1119268,13176,as-733,8,20,16,1,timeout,103,239,0,33699,4,1,True,11816338,147528
850209,13176,as-733,8,20,16,1,timeout,103,239,0,33699,1,1,False,11816338,147528
646122,13176,as-733,8,20,16,1,timeout,103,239,0,33699,9,1,True,11816338,147528
638555,13176,as-733,8,20,16,1,timeout,103,239,0,33699,8,1,True,11816338,147528
324254,13032,as-733,8,20,16,1,timeout,103,239,0,33699,12,1,False,11816338,147528
673770,13032,as-733,8,20,16,1,timeout,103,239,0,33699,15,1,False,11816338,147528
297270,13032,as-733,8,20,16,1,timeout,103,239,0,33699,7,1,False,11816338,147528
290248,13032,as-733,8,20,16,1,timeout,103,239,0,33699,11,1,False,11816338,147528
1026929,13032,as-733,8,20,16,1,timeout,103,239,0,33699,6,1,False,11816338,147528
938202,13032,as-733,8,20,16,1,timeout,103,239,0,33699,10,1,False,11816338,147528
643220,13176,as-733,8,20,16,1,timeout,103,239,0,33699,2,1,True,11816338,147528
1116398,13032,as-733,8,20,16,1,timeout,103,239,0,33699,14,1,False,11816338,147528
644512,13032,as-733,8,20,16,1,timeout,103,239,0,33699,13,1,False,11816338,147528
683804,13032,as-733,8,20,16,1,timeout,103,239,0,33699,3,1,False,11816338,147528
317277,115908,rocketfuel-bb-AS-1239,12,20,16,1,timeout,315,972,0,137052,16,1,False,10058592,249972
711300,115908,rocketfuel-bb-AS-1239,12,20,16,1,timeout,315,972,0,137052,5,1,True,10058592,249972
1028432,115908,rocketfuel-bb-AS-1239,12,20,16,1,timeout,315,972,0,137052,4,1,False,10058592,249972
328013,115908,rocketfuel-bb-AS-1239,12,20,16,1,timeout,315,972,0,137052,1,1,False,10058592,249972
1070433,115908,rocketfuel-bb-AS-1239,12,20,16,1,timeout,315,972,0,137052,9,1,False,10058592,249972
684073,115908,rocketfuel-bb-AS-1239,12,20,16,1,timeout,315,972,0,137052,8,1,False,10058592,249972
314209,115908,rocketfuel-bb-AS-1239,12,20,16,1,timeout,315,972,0,137052,12,1,False,10058592,249972
1144420,115908,rocketfuel-bb-AS-1239,12,20,16,1,timeout,315,972,0,137052,15,1,True,10058592,249972
327734,115908,rocketfuel-bb-AS-1239,12,20,16,1,timeout,315,972,0,137052,7,1,False,10058592,249972
684422,115908,rocketfuel-bb-AS-1239,12,20,16,1,timeout,315,972,0,137052,11,1,False,10058592,249972
300845,115908,rocketfuel-bb-AS-1239,12,20,16,1,timeout,315,972,0,137052,6,1,False,10058592,249972
332106,115908,rocketfuel-bb-AS-1239,12,20,16,1,timeout,315,972,0,137052,10,1,False,10058592,249972
671927,115908,rocketfuel-bb-AS-1239,12,20,16,1,timeout,315,972,0,137052,2,1,False,10058592,249972
640026,115908,rocketfuel-bb-AS-1239,12,20,16,1,timeout,315,972,0,137052,14,1,False,10058592,249972
637349,115908,rocketfuel-bb-AS-1239,12,20,16,1,timeout,315,972,0,137052,13,1,False,10058592,249972
349458,115908,rocketfuel-bb-AS-1239,12,20,16,1,timeout,315,972,0,137052,3,1,False,10058592,249972
287792,21224,rocketfuel-bb-AS-3257,12,20,16,1,timeout,161,328,0,46248,16,1,False,7525804,155720
405992,21224,rocketfuel-bb-AS-3257,12,20,16,1,timeout,161,328,0,46248,5,1,False,7525804,155720
643983,21224,rocketfuel-bb-AS-3257,12,20,16,1,timeout,161,328,0,46248,4,1,False,7525804,155720
1010903,21224,rocketfuel-bb-AS-3257,12,20,16,1,timeout,161,328,0,46248,1,1,False,7525804,155720
605033,21224,rocketfuel-bb-AS-3257,12,20,16,1,timeout,161,328,0,46248,9,1,False,7525804,155720
346319,21224,rocketfuel-bb-AS-3257,12,20,16,1,timeout,161,328,0,46248,8,1,False,7525804,155720
393743,21224,rocketfuel-bb-AS-3257,12,20,16,1,timeout,161,328,0,46248,12,1,False,7525804,155720
294598,21224,rocketfuel-bb-AS-3257,12,20,16,1,timeout,161,328,0,46248,15,1,False,7525804,155720
389218,21224,rocketfuel-bb-AS-3257,12,20,16,1,timeout,161,328,0,46248,7,1,False,7525804,155720
288837,21224,rocketfuel-bb-AS-3257,12,20,16,1,timeout,161,328,0,46248,11,1,False,7525804,155720
578544,21224,rocketfuel-bb-AS-3257,12,20,16,1,timeout,161,328,0,46248,6,1,False,7525804,155720
514199,21224,rocketfuel-bb-AS-3257,12,20,16,1,timeout,161,328,0,46248,10,1,False,7525804,155720
273058,21224,rocketfuel-bb-AS-3257,12,20,16,1,timeout,161,328,0,46248,2,1,False,7525804,155720
764101,21224,rocketfuel-bb-AS-3257,12,20,16,1,timeout,161,328,0,46248,14,1,True,7525804,155720
284519,21224,rocketfuel-bb-AS-3257,12,20,16,1,timeout,161,328,0,46248,13,1,False,7525804,155720
289642,21224,rocketfuel-bb-AS-3257,12,20,16,1,timeout,161,328,0,46248,3,1,False,7525804,155720
