inv_time,inv_memory,tenants,updates,procs,drop_method,num_nodes,num_links,num_updates,total_conn,invariant,independent_cec,violated,model_only
305076,97444,8,4,1,timeout,43,50,8,148,1,8,False,True
36679,97444,8,4,1,timeout,43,50,8,148,2,16,True,True
51049,97332,4,2,8,dropmon,23,26,4,78,1,4,False,True
43591,97332,4,2,8,dropmon,23,26,4,78,2,8,True,True
74777,97328,4,0,4,ebpf,23,26,0,76,1,4,False,True
64703,97328,4,0,4,ebpf,23,26,0,76,2,8,True,True
256331,97332,4,2,1,ebpf,23,26,4,78,1,4,False,True
59902,97332,4,2,1,ebpf,23,26,4,78,2,8,True,True
49926,97444,8,4,8,timeout,43,50,8,148,1,8,False,True
40869,97444,8,4,8,timeout,43,50,8,148,2,16,True,True
1117911,98060,32,0,1,timeout,163,194,0,552,1,32,False,True
29185,98060,32,0,1,timeout,163,194,0,552,2,64,True,True
47070,97336,4,4,8,dropmon,23,26,8,80,1,4,False,True
43118,97336,4,4,8,dropmon,23,26,8,80,2,8,True,True
97325,97656,16,0,20,dropmon,83,98,0,280,1,16,False,True
96644,97656,16,0,20,dropmon,83,98,0,280,2,32,True,True
95569,97664,16,16,8,dropmon,83,98,32,296,1,16,False,True
37303,97664,16,16,8,dropmon,83,98,32,296,2,32,True,True
74442,97436,8,0,16,ebpf,43,50,0,144,1,8,False,True
115219,97436,8,0,16,ebpf,43,50,0,144,2,16,True,True
641892,99024,64,32,4,timeout,323,386,64,1128,1,64,False,True
31429,99024,64,32,4,timeout,323,386,64,1128,2,128,True,True
327429,99024,64,32,20,timeout,323,386,64,1128,1,64,False,True
95499,99024,64,32,20,timeout,323,386,64,1128,2,128,True,True
141099,97436,8,0,4,ebpf,43,50,0,144,1,8,False,True
65108,97436,8,0,4,ebpf,43,50,0,144,2,16,True,True
51035,97436,8,0,16,dropmon,43,50,0,144,1,8,False,True
87408,97436,8,0,16,dropmon,43,50,0,144,2,16,True,True
50401,97436,8,0,8,timeout,43,50,0,144,1,8,False,True
42013,97436,8,0,8,timeout,43,50,0,144,2,16,True,True
181122,97664,16,16,4,timeout,83,98,32,296,1,16,False,True
38720,97664,16,16,4,timeout,83,98,32,296,2,32,True,True
47159,97328,4,0,20,dropmon,23,26,0,76,1,4,False,True
44486,97328,4,0,20,dropmon,23,26,0,76,2,8,True,True
172230,98060,32,16,20,dropmon,163,194,32,568,1,32,False,True
93954,98060,32,16,20,dropmon,163,194,32,568,2,64,True,True
170789,98060,32,32,16,dropmon,163,194,64,584,1,32,False,True
78229,98060,32,32,16,dropmon,163,194,64,584,2,64,True,True
2940400,99036,64,64,1,timeout,323,386,128,1160,1,64,False,True
28996,99036,64,64,1,timeout,323,386,128,1160,2,128,True,True
70811,97332,4,2,4,ebpf,23,26,4,78,1,4,False,True
67709,97332,4,2,4,ebpf,23,26,4,78,2,8,True,True
204160,98060,32,0,20,ebpf,163,194,0,552,1,32,False,True
114072,98060,32,0,20,ebpf,163,194,0,552,2,64,True,True
274125,98060,32,16,8,ebpf,163,194,32,568,1,32,False,True
61179,98060,32,16,8,ebpf,163,194,32,568,2,64,True,True
73291,97336,4,4,8,ebpf,23,26,8,80,1,4,False,True
71385,97336,4,4,8,ebpf,23,26,8,80,2,8,True,True
311095,99036,64,64,16,timeout,323,386,128,1160,1,64,False,True
75844,99036,64,64,16,timeout,323,386,128,1160,2,128,True,True
90201,97656,16,0,8,dropmon,83,98,0,280,1,16,False,True
40061,97656,16,0,8,dropmon,83,98,0,280,2,32,True,True
145166,97452,8,8,4,ebpf,43,50,16,152,1,8,False,True
60722,97452,8,8,4,ebpf,43,50,16,152,2,16,True,True
127630,97664,16,16,16,ebpf,83,98,32,296,1,16,False,True
102028,97664,16,16,16,ebpf,83,98,32,296,2,32,True,True
142332,97656,16,0,8,ebpf,83,98,0,280,1,16,False,True
63144,97656,16,0,8,ebpf,83,98,0,280,2,32,True,True
400543,98892,64,0,20,ebpf,323,386,0,1096,1,64,False,True
119947,98892,64,0,20,ebpf,323,386,0,1096,2,128,True,True
344212,98060,32,16,4,timeout,163,194,32,568,1,32,False,True
38208,98060,32,16,4,timeout,163,194,32,568,2,64,True,True
145779,97664,16,8,8,ebpf,83,98,16,288,1,16,False,True
65558,97664,16,8,8,ebpf,83,98,16,288,2,32,True,True
72933,97436,8,0,20,ebpf,43,50,0,144,1,8,False,True
108646,97436,8,0,20,ebpf,43,50,0,144,2,16,True,True
104446,97664,16,16,20,dropmon,83,98,32,296,1,16,False,True
98620,97664,16,16,20,dropmon,83,98,32,296,2,32,True,True
287843,98892,64,0,16,dropmon,323,386,0,1096,1,64,False,True
77234,98892,64,0,16,dropmon,323,386,0,1096,2,128,True,True
2908388,99024,64,32,1,dropmon,323,386,64,1128,1,64,False,True
39641,99024,64,32,1,dropmon,323,386,64,1128,2,128,True,True
78029,97452,8,8,8,ebpf,43,50,16,152,1,8,False,True
66659,97452,8,8,8,ebpf,43,50,16,152,2,16,True,True
73783,97444,8,4,8,ebpf,43,50,8,148,1,8,False,True
69307,97444,8,4,8,ebpf,43,50,8,148,2,16,True,True
182648,98060,32,32,20,dropmon,163,194,64,584,1,32,False,True
95927,98060,32,32,20,dropmon,163,194,64,584,2,64,True,True
1044849,97664,16,8,1,ebpf,83,98,16,288,1,16,False,True
64560,97664,16,8,1,ebpf,83,98,16,288,2,32,True,True
98331,97664,16,8,20,dropmon,83,98,16,288,1,16,False,True
98459,97664,16,8,20,dropmon,83,98,16,288,2,32,True,True
92650,97664,16,8,8,timeout,83,98,16,288,1,16,False,True
39083,97664,16,8,8,timeout,83,98,16,288,2,32,True,True
262010,97656,16,0,4,ebpf,83,98,0,280,1,16,False,True
62015,97656,16,0,4,ebpf,83,98,0,280,2,32,True,True
322628,99024,64,32,20,dropmon,323,386,64,1128,1,64,False,True
93765,99024,64,32,20,dropmon,323,386,64,1128,2,128,True,True
52776,97336,4,4,20,dropmon,23,26,8,80,1,4,False,True
46979,97336,4,4,20,dropmon,23,26,8,80,2,8,True,True
1960548,98060,32,32,1,ebpf,163,194,64,584,1,32,False,True
56569,98060,32,32,1,ebpf,163,194,64,584,2,64,True,True
127897,97664,16,16,20,ebpf,83,98,32,296,1,16,False,True
196538,97664,16,16,20,ebpf,83,98,32,296,2,32,True,True
226964,98060,32,32,20,ebpf,163,194,64,584,1,32,False,True
120247,98060,32,32,20,ebpf,163,194,64,584,2,64,True,True
99923,97664,16,8,16,dropmon,83,98,16,288,1,16,False,True
81241,97664,16,8,16,dropmon,83,98,16,288,2,32,True,True
176177,98060,32,16,8,timeout,163,194,32,568,1,32,False,True
35614,98060,32,16,8,timeout,163,194,32,568,2,64,True,True
342708,97452,8,8,1,dropmon,43,50,16,152,1,8,False,True
39258,97452,8,8,1,dropmon,43,50,16,152,2,16,True,True
92235,97664,16,8,8,dropmon,83,98,16,288,1,16,False,True
39744,97664,16,8,8,dropmon,83,98,16,288,2,32,True,True
3839776,98892,64,0,1,ebpf,323,386,0,1096,1,64,False,True
58118,98892,64,0,1,ebpf,323,386,0,1096,2,128,True,True
1060304,97664,16,16,1,ebpf,83,98,32,296,1,16,False,True
61002,97664,16,16,1,ebpf,83,98,32,296,2,32,True,True
75355,97332,4,2,8,ebpf,23,26,4,78,1,4,False,True
70785,97332,4,2,8,ebpf,23,26,4,78,2,8,True,True
161322,98060,32,0,16,timeout,163,194,0,552,1,32,False,True
78478,98060,32,0,16,timeout,163,194,0,552,2,64,True,True
52356,97336,4,4,8,timeout,23,26,8,80,1,4,False,True
44496,97336,4,4,8,timeout,23,26,8,80,2,8,True,True
47434,97332,4,2,16,timeout,23,26,4,78,1,4,False,True
44063,97332,4,2,16,timeout,23,26,4,78,2,8,True,True
217207,98060,32,32,16,ebpf,163,194,64,584,1,32,False,True
101674,98060,32,32,16,ebpf,163,194,64,584,2,64,True,True
1440626,98060,32,32,1,timeout,163,194,64,584,1,32,False,True
37214,98060,32,32,1,timeout,163,194,64,584,2,64,True,True
738198,99036,64,64,4,timeout,323,386,128,1160,1,64,False,True
34104,99036,64,64,4,timeout,323,386,128,1160,2,128,True,True
100298,97664,16,16,16,timeout,83,98,32,296,1,16,False,True
77977,97664,16,16,16,timeout,83,98,32,296,2,32,True,True
203751,98060,32,0,16,ebpf,163,194,0,552,1,32,False,True
103260,98060,32,0,16,ebpf,163,194,0,552,2,64,True,True
171621,97328,4,0,1,dropmon,23,26,0,76,1,4,False,True
34539,97328,4,0,1,dropmon,23,26,0,76,2,8,True,True
135366,97664,16,8,20,ebpf,83,98,16,288,1,16,False,True
123095,97664,16,8,20,ebpf,83,98,16,288,2,32,True,True
318213,98892,64,0,8,timeout,323,386,0,1096,1,64,False,True
35965,98892,64,0,8,timeout,323,386,0,1096,2,128,True,True
174503,97332,4,2,1,timeout,23,26,4,78,1,4,False,True
35477,97332,4,2,1,timeout,23,26,4,78,2,8,True,True
2251140,98892,64,0,1,timeout,323,386,0,1096,1,64,False,True
34332,98892,64,0,1,timeout,323,386,0,1096,2,128,True,True
311889,98892,64,0,20,timeout,323,386,0,1096,1,64,False,True
94909,98892,64,0,20,timeout,323,386,0,1096,2,128,True,True
161736,98060,32,0,16,dropmon,163,194,0,552,1,32,False,True
76560,98060,32,0,16,dropmon,163,194,0,552,2,64,True,True
47220,97332,4,2,8,timeout,23,26,4,78,1,4,False,True
43991,97332,4,2,8,timeout,23,26,4,78,2,8,True,True
2495814,98892,64,0,1,dropmon,323,386,0,1096,1,64,False,True
39315,98892,64,0,1,dropmon,323,386,0,1096,2,128,True,True
275728,97664,16,16,4,ebpf,83,98,32,296,1,16,False,True
59580,97664,16,16,4,ebpf,83,98,32,296,2,32,True,True
354568,99024,64,32,8,dropmon,323,386,64,1128,1,64,False,True
33633,99024,64,32,8,dropmon,323,386,64,1128,2,128,True,True
91809,97436,8,0,4,timeout,43,50,0,144,1,8,False,True
38883,97436,8,0,4,timeout,43,50,0,144,2,16,True,True
164769,97332,4,2,1,dropmon,23,26,4,78,1,4,False,True
33213,97332,4,2,1,dropmon,23,26,4,78,2,8,True,True
87915,97436,8,0,4,dropmon,43,50,0,144,1,8,False,True
38106,97436,8,0,4,dropmon,43,50,0,144,2,16,True,True
1012049,97656,16,0,1,ebpf,83,98,0,280,1,16,False,True
62394,97656,16,0,1,ebpf,83,98,0,280,2,32,True,True
523498,97436,8,0,1,ebpf,43,50,0,144,1,8,False,True
63842,97436,8,0,1,ebpf,43,50,0,144,2,16,True,True
368705,98060,32,32,4,dropmon,163,194,64,584,1,32,False,True
33075,98060,32,32,4,dropmon,163,194,64,584,2,64,True,True
277584,97664,16,8,4,ebpf,83,98,16,288,1,16,False,True
59175,97664,16,8,4,ebpf,83,98,16,288,2,32,True,True
295956,97436,8,0,1,dropmon,43,50,0,144,1,8,False,True
33484,97436,8,0,1,dropmon,43,50,0,144,2,16,True,True
74334,97444,8,4,16,ebpf,43,50,8,148,1,8,False,True
111951,97444,8,4,16,ebpf,43,50,8,148,2,16,True,True
163972,98060,32,16,16,timeout,163,194,32,568,1,32,False,True
77829,98060,32,16,16,timeout,163,194,32,568,2,64,True,True
105013,97664,16,16,8,timeout,83,98,32,296,1,16,False,True
39818,97664,16,16,8,timeout,83,98,32,296,2,32,True,True
1036869,99024,64,32,4,ebpf,323,386,64,1128,1,64,False,True
58212,99024,64,32,4,ebpf,323,386,64,1128,2,128,True,True
311867,99036,64,64,16,dropmon,323,386,128,1160,1,64,False,True
75994,99036,64,64,16,dropmon,323,386,128,1160,2,128,True,True
46653,97328,4,0,20,timeout,23,26,0,76,1,4,False,True
44846,97328,4,0,20,timeout,23,26,0,76,2,8,True,True
506611,98060,32,0,4,ebpf,163,194,0,552,1,32,False,True
56727,98060,32,0,4,ebpf,163,194,0,552,2,64,True,True
510516,98892,64,0,8,ebpf,323,386,0,1096,1,64,False,True
56675,98892,64,0,8,ebpf,323,386,0,1096,2,128,True,True
318405,98892,64,0,8,dropmon,323,386,0,1096,1,64,False,True
35756,98892,64,0,8,dropmon,323,386,0,1096,2,128,True,True
576239,99036,64,64,8,ebpf,323,386,128,1160,1,64,False,True
59292,99036,64,64,8,ebpf,323,386,128,1160,2,128,True,True
1113693,98060,32,16,1,dropmon,163,194,32,568,1,32,False,True
29162,98060,32,16,1,dropmon,163,194,32,568,2,64,True,True
1140259,99036,64,64,4,ebpf,323,386,128,1160,1,64,False,True
54459,99036,64,64,4,ebpf,323,386,128,1160,2,128,True,True
74025,97336,4,4,20,ebpf,23,26,8,80,1,4,False,True
71139,97336,4,4,20,ebpf,23,26,8,80,2,8,True,True
73880,97328,4,0,8,ebpf,23,26,0,76,1,4,False,True
69506,97328,4,0,8,ebpf,23,26,0,76,2,8,True,True
99581,97656,16,0,16,timeout,83,98,0,280,1,16,False,True
81230,97656,16,0,16,timeout,83,98,0,280,2,32,True,True
50626,97332,4,2,20,timeout,23,26,4,78,1,4,False,True
46378,97332,4,2,20,timeout,23,26,4,78,2,8,True,True
122991,97656,16,0,16,ebpf,83,98,0,280,1,16,False,True
100909,97656,16,0,16,ebpf,83,98,0,280,2,32,True,True
755467,99036,64,64,4,dropmon,323,386,128,1160,1,64,False,True
34406,99036,64,64,4,dropmon,323,386,128,1160,2,128,True,True
544156,97452,8,8,1,ebpf,43,50,16,152,1,8,False,True
64506,97452,8,8,1,ebpf,43,50,16,152,2,16,True,True
51925,97436,8,0,16,timeout,43,50,0,144,1,8,False,True
86910,97436,8,0,16,timeout,43,50,0,144,2,16,True,True
71809,97444,8,4,20,ebpf,43,50,8,148,1,8,False,True
114247,97444,8,4,20,ebpf,43,50,8,148,2,16,True,True
644879,97664,16,8,1,timeout,83,98,16,288,1,16,False,True
34203,97664,16,8,1,timeout,83,98,16,288,2,32,True,True
103866,97664,16,16,16,dropmon,83,98,32,296,1,16,False,True
82712,97664,16,16,16,dropmon,83,98,32,296,2,32,True,True
1710594,98060,32,0,1,ebpf,163,194,0,552,1,32,False,True
60473,98060,32,0,1,ebpf,163,194,0,552,2,64,True,True
53951,97336,4,4,4,timeout,23,26,8,80,1,4,False,True
39344,97336,4,4,4,timeout,23,26,8,80,2,8,True,True
50410,97444,8,4,20,dropmon,43,50,8,148,1,8,False,True
86229,97444,8,4,20,dropmon,43,50,8,148,2,16,True,True
4413734,99024,64,32,1,ebpf,323,386,64,1128,1,64,False,True
63855,99024,64,32,1,ebpf,323,386,64,1128,2,128,True,True
2175615,98060,32,16,1,ebpf,163,194,32,568,1,32,False,True
64477,98060,32,16,1,ebpf,163,194,32,568,2,64,True,True
587074,97656,16,0,1,timeout,83,98,0,280,1,16,False,True
37343,97656,16,0,1,timeout,83,98,0,280,2,32,True,True
183759,98060,32,16,8,dropmon,163,194,32,568,1,32,False,True
35946,98060,32,16,8,dropmon,163,194,32,568,2,64,True,True
97991,97656,16,0,20,timeout,83,98,0,280,1,16,False,True
99224,97656,16,0,20,timeout,83,98,0,280,2,32,True,True
552765,98060,32,32,4,ebpf,163,194,64,584,1,32,False,True
55569,98060,32,32,4,ebpf,163,194,64,584,2,64,True,True
50553,97332,4,2,20,dropmon,23,26,4,78,1,4,False,True
46431,97332,4,2,20,dropmon,23,26,4,78,2,8,True,True
95126,97664,16,16,20,timeout,83,98,32,296,1,16,False,True
94677,97664,16,16,20,timeout,83,98,32,296,2,32,True,True
4199856,99036,64,64,1,ebpf,323,386,128,1160,1,64,False,True
62228,99036,64,64,1,ebpf,323,386,128,1160,2,128,True,True
523897,98060,32,16,4,ebpf,163,194,32,568,1,32,False,True
57418,98060,32,16,4,ebpf,163,194,32,568,2,64,True,True
54252,97336,4,4,20,timeout,23,26,8,80,1,4,False,True
44745,97336,4,4,20,timeout,23,26,8,80,2,8,True,True
602323,98892,64,0,4,dropmon,323,386,0,1096,1,64,False,True
34294,98892,64,0,4,dropmon,323,386,0,1096,2,128,True,True
588030,97656,16,0,1,dropmon,83,98,0,280,1,16,False,True
39827,97656,16,0,1,dropmon,83,98,0,280,2,32,True,True
98372,97452,8,8,4,dropmon,43,50,16,152,1,8,False,True
35729,97452,8,8,4,dropmon,43,50,16,152,2,16,True,True
170115,98060,32,0,20,dropmon,163,194,0,552,1,32,False,True
94454,98060,32,0,20,dropmon,163,194,0,552,2,64,True,True
313474,98060,32,0,4,dropmon,163,194,0,552,1,32,False,True
38377,98060,32,0,4,dropmon,163,194,0,552,2,64,True,True
3036090,99036,64,64,1,dropmon,323,386,128,1160,1,64,False,True
28288,99036,64,64,1,dropmon,323,386,128,1160,2,128,True,True
94963,97444,8,4,4,timeout,43,50,8,148,1,8,False,True
39487,97444,8,4,4,timeout,43,50,8,148,2,16,True,True
176902,97664,16,8,4,timeout,83,98,16,288,1,16,False,True
38164,97664,16,8,4,timeout,83,98,16,288,2,32,True,True
415004,99036,64,64,16,ebpf,323,386,128,1160,1,64,False,True
104189,99036,64,64,16,ebpf,323,386,128,1160,2,128,True,True
46872,97328,4,0,16,timeout,23,26,0,76,1,4,False,True
44951,97328,4,0,16,timeout,23,26,0,76,2,8,True,True
76308,97452,8,8,20,ebpf,43,50,16,152,1,8,False,True
112823,97452,8,8,20,ebpf,43,50,16,152,2,16,True,True
54316,97444,8,4,16,dropmon,43,50,8,148,1,8,False,True
89039,97444,8,4,16,dropmon,43,50,8,148,2,16,True,True
121386,97656,16,0,20,ebpf,83,98,0,280,1,16,False,True
120751,97656,16,0,20,ebpf,83,98,0,280,2,32,True,True
50244,97444,8,4,8,dropmon,43,50,8,148,1,8,False,True
40828,97444,8,4,8,dropmon,43,50,8,148,2,16,True,True
52255,97444,8,4,20,timeout,43,50,8,148,1,8,False,True
87096,97444,8,4,20,timeout,43,50,8,148,2,16,True,True
176451,97664,16,8,4,dropmon,83,98,16,288,1,16,False,True
38012,97664,16,8,4,dropmon,83,98,16,288,2,32,True,True
169720,98060,32,32,16,timeout,163,194,64,584,1,32,False,True
77499,98060,32,32,16,timeout,163,194,64,584,2,64,True,True
95339,97664,16,8,16,timeout,83,98,16,288,1,16,False,True
79455,97664,16,8,16,timeout,83,98,16,288,2,32,True,True
122824,97664,16,8,16,ebpf,83,98,16,288,1,16,False,True
107835,97664,16,8,16,ebpf,83,98,16,288,2,32,True,True
53837,97452,8,8,16,dropmon,43,50,16,152,1,8,False,True
88080,97452,8,8,16,dropmon,43,50,16,152,2,16,True,True
389432,99036,64,64,8,dropmon,323,386,128,1160,1,64,False,True
34287,99036,64,64,8,dropmon,323,386,128,1160,2,128,True,True
701508,97664,16,16,1,dropmon,83,98,32,296,1,16,False,True
39309,97664,16,16,1,dropmon,83,98,32,296,2,32,True,True
49866,97328,4,0,8,dropmon,23,26,0,76,1,4,False,True
44014,97328,4,0,8,dropmon,23,26,0,76,2,8,True,True
76087,97336,4,4,4,ebpf,23,26,8,80,1,4,False,True
63081,97336,4,4,4,ebpf,23,26,8,80,2,8,True,True
97633,97656,16,0,16,dropmon,83,98,0,280,1,16,False,True
79502,97656,16,0,16,dropmon,83,98,0,280,2,32,True,True
76790,97336,4,4,16,ebpf,23,26,8,80,1,4,False,True
71896,97336,4,4,16,ebpf,23,26,8,80,2,8,True,True
285558,98892,64,0,16,timeout,323,386,0,1096,1,64,False,True
75033,98892,64,0,16,timeout,323,386,0,1096,2,128,True,True
569589,98892,64,0,4,timeout,323,386,0,1096,1,64,False,True
32726,98892,64,0,4,timeout,323,386,0,1096,2,128,True,True
47544,97332,4,2,4,dropmon,23,26,4,78,1,4,False,True
40224,97332,4,2,4,dropmon,23,26,4,78,2,8,True,True
445825,99036,64,64,20,ebpf,323,386,128,1160,1,64,False,True
118197,99036,64,64,20,ebpf,323,386,128,1160,2,128,True,True
257169,97328,4,0,1,ebpf,23,26,0,76,1,4,False,True
61528,97328,4,0,1,ebpf,23,26,0,76,2,8,True,True
296107,98060,32,32,8,ebpf,163,194,64,584,1,32,False,True
57738,98060,32,32,8,ebpf,163,194,64,584,2,64,True,True
315046,97444,8,4,1,dropmon,43,50,8,148,1,8,False,True
34889,97444,8,4,1,dropmon,43,50,8,148,2,16,True,True
73281,97328,4,0,20,ebpf,23,26,0,76,1,4,False,True
71002,97328,4,0,20,ebpf,23,26,0,76,2,8,True,True
294674,99024,64,32,16,timeout,323,386,64,1128,1,64,False,True
76764,99024,64,32,16,timeout,323,386,64,1128,2,128,True,True
192744,98060,32,32,8,timeout,163,194,64,584,1,32,False,True
34771,98060,32,32,8,timeout,163,194,64,584,2,64,True,True
212914,98060,32,16,16,ebpf,163,194,32,568,1,32,False,True
104751,98060,32,16,16,ebpf,163,194,32,568,2,64,True,True
663880,97664,16,16,1,timeout,83,98,32,296,1,16,False,True
38476,97664,16,16,1,timeout,83,98,32,296,2,32,True,True
180800,97336,4,4,1,timeout,23,26,8,80,1,4,False,True
35863,97336,4,4,1,timeout,23,26,8,80,2,8,True,True
211375,98060,32,16,20,ebpf,163,194,32,568,1,32,False,True
115305,98060,32,16,20,ebpf,163,194,32,568,2,64,True,True
1085605,98060,32,0,1,dropmon,163,194,0,552,1,32,False,True
34507,98060,32,0,1,dropmon,163,194,0,552,2,64,True,True
51654,97328,4,0,4,dropmon,23,26,0,76,1,4,False,True
42037,97328,4,0,4,dropmon,23,26,0,76,2,8,True,True
47066,97332,4,2,16,dropmon,23,26,4,78,1,4,False,True
45510,97332,4,2,16,dropmon,23,26,4,78,2,8,True,True
161508,98060,32,16,20,timeout,163,194,32,568,1,32,False,True
93871,98060,32,16,20,timeout,163,194,32,568,2,64,True,True
299626,97436,8,0,1,timeout,43,50,0,144,1,8,False,True
34568,97436,8,0,1,timeout,43,50,0,144,2,16,True,True
49913,97436,8,0,8,dropmon,43,50,0,144,1,8,False,True
40796,97436,8,0,8,dropmon,43,50,0,144,2,16,True,True
384716,98892,64,0,16,ebpf,323,386,0,1096,1,64,False,True
100982,98892,64,0,16,ebpf,323,386,0,1096,2,128,True,True
267058,97336,4,4,1,ebpf,23,26,8,80,1,4,False,True
59230,97336,4,4,1,ebpf,23,26,8,80,2,8,True,True
171435,98060,32,0,8,timeout,163,194,0,552,1,32,False,True
34908,98060,32,0,8,timeout,163,194,0,552,2,64,True,True
53302,97336,4,4,16,timeout,23,26,8,80,1,4,False,True
45523,97336,4,4,16,timeout,23,26,8,80,2,8,True,True
93799,97452,8,8,4,timeout,43,50,16,152,1,8,False,True
40821,97452,8,8,4,timeout,43,50,16,152,2,16,True,True
78706,97452,8,8,16,ebpf,43,50,16,152,1,8,False,True
112843,97452,8,8,16,ebpf,43,50,16,152,2,16,True,True
148726,97664,16,16,8,ebpf,83,98,32,296,1,16,False,True
66931,97664,16,16,8,ebpf,83,98,32,296,2,32,True,True
330287,98060,32,16,4,dropmon,163,194,32,568,1,32,False,True
31895,98060,32,16,4,dropmon,163,194,32,568,2,64,True,True
331245,99036,64,64,20,dropmon,323,386,128,1160,1,64,False,True
96698,99036,64,64,20,dropmon,323,386,128,1160,2,128,True,True
43867,97328,4,0,4,timeout,23,26,0,76,1,4,False,True
36996,97328,4,0,4,timeout,23,26,0,76,2,8,True,True
1380571,98060,32,32,1,dropmon,163,194,64,584,1,32,False,True
38408,98060,32,32,1,dropmon,163,194,64,584,2,64,True,True
176962,98060,32,32,20,timeout,163,194,64,584,1,32,False,True
93387,98060,32,32,20,timeout,163,194,64,584,2,64,True,True
396534,99024,64,32,16,ebpf,323,386,64,1128,1,64,False,True
103656,99024,64,32,16,ebpf,323,386,64,1128,2,128,True,True
138548,97444,8,4,4,ebpf,43,50,8,148,1,8,False,True
65271,97444,8,4,4,ebpf,43,50,8,148,2,16,True,True
71130,97332,4,2,16,ebpf,23,26,4,78,1,4,False,True
67555,97332,4,2,16,ebpf,23,26,4,78,2,8,True,True
175784,97664,16,16,4,dropmon,83,98,32,296,1,16,False,True
36098,97664,16,16,4,dropmon,83,98,32,296,2,32,True,True
320189,98892,64,0,20,dropmon,323,386,0,1096,1,64,False,True
96214,98892,64,0,20,dropmon,323,386,0,1096,2,128,True,True
369584,98060,32,32,4,timeout,163,194,64,584,1,32,False,True
34274,98060,32,32,4,timeout,163,194,64,584,2,64,True,True
624298,97664,16,8,1,dropmon,83,98,16,288,1,16,False,True
34133,97664,16,8,1,dropmon,83,98,16,288,2,32,True,True
55380,97452,8,8,8,timeout,43,50,16,152,1,8,False,True
39791,97452,8,8,8,timeout,43,50,16,152,2,16,True,True
50306,97436,8,0,20,dropmon,43,50,0,144,1,8,False,True
87558,97436,8,0,20,dropmon,43,50,0,144,2,16,True,True
1235478,98060,32,16,1,timeout,163,194,32,568,1,32,False,True
34493,98060,32,16,1,timeout,163,194,32,568,2,64,True,True
53660,97452,8,8,20,dropmon,43,50,16,152,1,8,False,True
87730,97452,8,8,20,dropmon,43,50,16,152,2,16,True,True
556962,99024,64,32,8,ebpf,323,386,64,1128,1,64,False,True
58314,99024,64,32,8,ebpf,323,386,64,1128,2,128,True,True
639986,99024,64,32,4,dropmon,323,386,64,1128,1,64,False,True
32933,99024,64,32,4,dropmon,323,386,64,1128,2,128,True,True
73232,97332,4,2,20,ebpf,23,26,4,78,1,4,False,True
71713,97332,4,2,20,ebpf,23,26,4,78,2,8,True,True
366185,99024,64,32,8,timeout,323,386,64,1128,1,64,False,True
36021,99024,64,32,8,timeout,323,386,64,1128,2,128,True,True
50426,97328,4,0,8,timeout,23,26,0,76,1,4,False,True
45007,97328,4,0,8,timeout,23,26,0,76,2,8,True,True
322953,97452,8,8,1,timeout,43,50,16,152,1,8,False,True
37800,97452,8,8,1,timeout,43,50,16,152,2,16,True,True
173698,97336,4,4,1,dropmon,23,26,8,80,1,4,False,True
37865,97336,4,4,1,dropmon,23,26,8,80,2,8,True,True
266532,98060,32,0,8,ebpf,163,194,0,552,1,32,False,True
55478,98060,32,0,8,ebpf,163,194,0,552,2,64,True,True
53941,97452,8,8,16,timeout,43,50,16,152,1,8,False,True
89151,97452,8,8,16,timeout,43,50,16,152,2,16,True,True
48135,97444,8,4,16,timeout,43,50,8,148,1,8,False,True
84268,97444,8,4,16,timeout,43,50,8,148,2,16,True,True
71160,97436,8,0,8,ebpf,43,50,0,144,1,8,False,True
66380,97436,8,0,8,ebpf,43,50,0,144,2,16,True,True
322537,98060,32,0,4,timeout,163,194,0,552,1,32,False,True
38536,98060,32,0,4,timeout,163,194,0,552,2,64,True,True
47744,97328,4,0,16,dropmon,23,26,0,76,1,4,False,True
45532,97328,4,0,16,dropmon,23,26,0,76,2,8,True,True
51806,97336,4,4,16,dropmon,23,26,8,80,1,4,False,True
42917,97336,4,4,16,dropmon,23,26,8,80,2,8,True,True
51546,97452,8,8,8,dropmon,43,50,16,152,1,8,False,True
40618,97452,8,8,8,dropmon,43,50,16,152,2,16,True,True
88979,97444,8,4,4,dropmon,43,50,8,148,1,8,False,True
36738,97444,8,4,4,dropmon,43,50,8,148,2,16,True,True
53841,97452,8,8,20,timeout,43,50,16,152,1,8,False,True
87232,97452,8,8,20,timeout,43,50,16,152,2,16,True,True
89184,97656,16,0,8,timeout,83,98,0,280,1,16,False,True
37170,97656,16,0,8,timeout,83,98,0,280,2,32,True,True
397903,99036,64,64,8,timeout,323,386,128,1160,1,64,False,True
36588,99036,64,64,8,timeout,323,386,128,1160,2,128,True,True
2397351,99024,64,32,1,timeout,323,386,64,1128,1,64,False,True
32355,99024,64,32,1,timeout,323,386,64,1128,2,128,True,True
53541,97336,4,4,4,dropmon,23,26,8,80,1,4,False,True
42844,97336,4,4,4,dropmon,23,26,8,80,2,8,True,True
168510,98060,32,0,20,timeout,163,194,0,552,1,32,False,True
94511,98060,32,0,20,timeout,163,194,0,552,2,64,True,True
162555,98060,32,0,8,dropmon,163,194,0,552,1,32,False,True
35988,98060,32,0,8,dropmon,163,194,0,552,2,64,True,True
410209,99024,64,32,20,ebpf,323,386,64,1128,1,64,False,True
120302,99024,64,32,20,ebpf,323,386,64,1128,2,128,True,True
168411,97328,4,0,1,timeout,23,26,0,76,1,4,False,True
35419,97328,4,0,1,timeout,23,26,0,76,2,8,True,True
69895,97328,4,0,16,ebpf,23,26,0,76,1,4,False,True
68746,97328,4,0,16,ebpf,23,26,0,76,2,8,True,True
972054,98892,64,0,4,ebpf,323,386,0,1096,1,64,False,True
58892,98892,64,0,4,ebpf,323,386,0,1096,2,128,True,True
163624,98060,32,16,16,dropmon,163,194,32,568,1,32,False,True
77457,98060,32,16,16,dropmon,163,194,32,568,2,64,True,True
193231,98060,32,32,8,dropmon,163,194,64,584,1,32,False,True
38313,98060,32,32,8,dropmon,163,194,64,584,2,64,True,True
525310,97444,8,4,1,ebpf,43,50,8,148,1,8,False,True
63747,97444,8,4,1,ebpf,43,50,8,148,2,16,True,True
48171,97436,8,0,20,timeout,43,50,0,144,1,8,False,True
88126,97436,8,0,20,timeout,43,50,0,144,2,16,True,True
50293,97332,4,2,4,timeout,23,26,4,78,1,4,False,True
41318,97332,4,2,4,timeout,23,26,4,78,2,8,True,True
296781,99024,64,32,16,dropmon,323,386,64,1128,1,64,False,True
78007,99024,64,32,16,dropmon,323,386,64,1128,2,128,True,True
155293,97656,16,0,4,dropmon,83,98,0,280,1,16,False,True
32223,97656,16,0,4,dropmon,83,98,0,280,2,32,True,True
332907,99036,64,64,20,timeout,323,386,128,1160,1,64,False,True
95621,99036,64,64,20,timeout,323,386,128,1160,2,128,True,True
99425,97664,16,8,20,timeout,83,98,16,288,1,16,False,True
99447,97664,16,8,20,timeout,83,98,16,288,2,32,True,True
164679,97656,16,0,4,timeout,83,98,0,280,1,16,False,True
35565,97656,16,0,4,timeout,83,98,0,280,2,32,True,True
8676540,97516,8,4,1,timeout,43,50,8,148,1,8,True,False
4199329,97516,8,4,1,timeout,43,50,8,148,2,16,True,False
9637363,97372,4,2,8,dropmon,23,26,4,78,1,4,False,False
14786635,97372,4,2,8,dropmon,23,26,4,78,2,8,False,False
8943804,97368,4,0,4,ebpf,23,26,0,76,1,4,False,False
13567460,97368,4,0,4,ebpf,23,26,0,76,2,8,False,False
8942530,97372,4,2,1,ebpf,23,26,4,78,1,4,True,False
4582902,97372,4,2,1,ebpf,23,26,4,78,2,8,True,False
15552630,97516,8,4,8,timeout,43,50,8,148,1,8,False,False
27031320,97516,8,4,8,timeout,43,50,8,148,2,16,True,False
118460433,98232,32,0,1,timeout,163,194,0,552,1,32,False,False
185496331,98232,32,0,1,timeout,163,194,0,552,2,64,False,False
23113332,97372,4,4,8,dropmon,23,26,8,80,1,4,True,False
23652088,97372,4,4,8,dropmon,23,26,8,80,2,8,True,False
34441279,97788,16,0,20,dropmon,83,98,0,280,1,16,False,False
39091655,97788,16,0,20,dropmon,83,98,0,280,2,32,False,False
34085866,97812,16,16,8,dropmon,83,98,32,296,1,16,True,False
19983810,97812,16,16,8,dropmon,83,98,32,296,2,32,True,False
17117444,97508,8,0,16,ebpf,43,50,0,144,1,8,False,False
20348179,97508,8,0,16,ebpf,43,50,0,144,2,16,False,False
17241575,99388,64,32,4,timeout,323,386,64,1128,1,64,True,False
22927304,99388,64,32,4,timeout,323,386,64,1128,2,128,True,False
78425869,99388,64,32,20,timeout,323,386,64,1128,1,64,True,False
131132228,99388,64,32,20,timeout,323,386,64,1128,2,128,True,False
17337655,97508,8,0,4,ebpf,43,50,0,144,1,8,False,False
34680459,97508,8,0,4,ebpf,43,50,0,144,2,16,False,False
13937867,97508,8,0,16,dropmon,43,50,0,144,1,8,False,False
24426258,97508,8,0,16,dropmon,43,50,0,144,2,16,False,False
15452804,97508,8,0,8,timeout,43,50,0,144,1,8,False,False
30679455,97508,8,0,8,timeout,43,50,0,144,2,16,False,False
21385573,97812,16,16,4,timeout,83,98,32,296,1,16,True,False
10329571,97812,16,16,4,timeout,83,98,32,296,2,32,True,False
9356470,97368,4,0,20,dropmon,23,26,0,76,1,4,False,False
14361406,97368,4,0,20,dropmon,23,26,0,76,2,8,False,False
51401844,98264,32,16,20,dropmon,163,194,32,568,1,32,False,False
54050699,98264,32,16,20,dropmon,163,194,32,568,2,64,True,False
71852231,98284,32,32,16,dropmon,163,194,64,584,1,32,True,False
36610548,98284,32,32,16,dropmon,163,194,64,584,2,64,True,False
8699908,99436,64,64,1,timeout,323,386,128,1160,1,64,True,False
4172174,99436,64,64,1,timeout,323,386,128,1160,2,128,True,False
9357177,97372,4,2,4,ebpf,23,26,4,78,1,4,False,False
16070115,97372,4,2,4,ebpf,23,26,4,78,2,8,False,False
60717903,98232,32,0,20,ebpf,163,194,0,552,1,32,False,False
99661477,98232,32,0,20,ebpf,163,194,0,552,2,64,False,False
40929578,98264,32,16,8,ebpf,163,194,32,568,1,32,True,False
24580082,98264,32,16,8,ebpf,163,194,32,568,2,64,True,False
22098259,97372,4,4,8,ebpf,23,26,8,80,1,4,True,False
22724801,97372,4,4,8,ebpf,23,26,8,80,2,8,True,False
70755029,99436,64,64,16,timeout,323,386,128,1160,1,64,True,False
36336546,99436,64,64,16,timeout,323,386,128,1160,2,128,True,False
33148298,97788,16,0,8,dropmon,83,98,0,280,1,16,False,False
65119118,97788,16,0,8,dropmon,83,98,0,280,2,32,False,False
21215463,97524,8,8,4,ebpf,43,50,16,152,1,8,True,False
12716791,97524,8,8,4,ebpf,43,50,16,152,2,16,True,False
68367902,97812,16,16,16,ebpf,83,98,32,296,1,16,True,False
44745704,97812,16,16,16,ebpf,83,98,32,296,2,32,True,False
44444058,97788,16,0,8,ebpf,83,98,0,280,1,16,False,False
70613118,97788,16,0,8,ebpf,83,98,0,280,2,32,False,False
107989298,99408,64,0,20,ebpf,323,386,0,1096,1,64,False,False
221221630,99408,64,0,20,ebpf,323,386,0,1096,2,128,False,False
19546087,98264,32,16,4,timeout,163,194,32,568,1,32,True,False
18065319,98264,32,16,4,timeout,163,194,32,568,2,64,True,False
32885976,97800,16,8,8,ebpf,83,98,16,288,1,16,False,False
29162299,97800,16,8,8,ebpf,83,98,16,288,2,32,True,False
16078232,97508,8,0,20,ebpf,43,50,0,144,1,8,False,False
14481867,97508,8,0,20,ebpf,43,50,0,144,2,16,False,False
74502354,97812,16,16,20,dropmon,83,98,32,296,1,16,True,False
40410950,97812,16,16,20,dropmon,83,98,32,296,2,32,True,False
144106757,99408,64,0,16,dropmon,323,386,0,1096,1,64,False,False
261812046,99408,64,0,16,dropmon,323,386,0,1096,2,128,False,False
8532950,99388,64,32,1,dropmon,323,386,64,1128,1,64,True,False
10293849,99388,64,32,1,dropmon,323,386,64,1128,2,128,True,False
34640244,97524,8,8,8,ebpf,43,50,16,152,1,8,True,False
26960280,97524,8,8,8,ebpf,43,50,16,152,2,16,True,False
15846791,97516,8,4,8,ebpf,43,50,8,148,1,8,False,False
37246169,97516,8,4,8,ebpf,43,50,8,148,2,16,True,False
94963815,98284,32,32,20,dropmon,163,194,64,584,1,32,True,False
51053244,98284,32,32,20,dropmon,163,194,64,584,2,64,True,False
8788139,97800,16,8,1,ebpf,83,98,16,288,1,16,True,False
18377193,97800,16,8,1,ebpf,83,98,16,288,2,32,True,False
23478846,97800,16,8,20,dropmon,83,98,16,288,1,16,False,False
63811521,97800,16,8,20,dropmon,83,98,16,288,2,32,True,False
34881959,97800,16,8,8,timeout,83,98,16,288,1,16,False,False
41508869,97800,16,8,8,timeout,83,98,16,288,2,32,True,False
59013599,97788,16,0,4,ebpf,83,98,0,280,1,16,False,False
87094481,97788,16,0,4,ebpf,83,98,0,280,2,32,False,False
94261268,99388,64,32,20,dropmon,323,386,64,1128,1,64,True,False
259089507,99388,64,32,20,dropmon,323,386,64,1128,2,128,True,False
22487542,97372,4,4,20,dropmon,23,26,8,80,1,4,True,False
26020560,97372,4,4,20,dropmon,23,26,8,80,2,8,True,False
8775970,98284,32,32,1,ebpf,163,194,64,584,1,32,True,False
4181617,98284,32,32,1,ebpf,163,194,64,584,2,64,True,False
81898032,97812,16,16,20,ebpf,83,98,32,296,1,16,True,False
45757992,97812,16,16,20,ebpf,83,98,32,296,2,32,True,False
107066657,98284,32,32,20,ebpf,163,194,64,584,1,32,True,False
49026368,98284,32,32,20,ebpf,163,194,64,584,2,64,True,False
20272362,97800,16,8,16,dropmon,83,98,16,288,1,16,False,False
58852803,97800,16,8,16,dropmon,83,98,16,288,2,32,True,False
41172519,98264,32,16,8,timeout,163,194,32,568,1,32,True,False
26901052,98264,32,16,8,timeout,163,194,32,568,2,64,True,False
8201329,97524,8,8,1,dropmon,43,50,16,152,1,8,True,False
4265726,97524,8,8,1,dropmon,43,50,16,152,2,16,True,False
36532272,97800,16,8,8,dropmon,83,98,16,288,1,16,False,False
36287179,97800,16,8,8,dropmon,83,98,16,288,2,32,True,False
257927029,99408,64,0,1,ebpf,323,386,0,1096,1,64,False,False
381717738,99408,64,0,1,ebpf,323,386,0,1096,2,128,False,False
8928073,97812,16,16,1,ebpf,83,98,32,296,1,16,True,False
4415835,97812,16,16,1,ebpf,83,98,32,296,2,32,True,False
9293887,97372,4,2,8,ebpf,23,26,4,78,1,4,False,False
15623403,97372,4,2,8,ebpf,23,26,4,78,2,8,False,False
52691163,98232,32,0,16,timeout,163,194,0,552,1,32,False,False
122277388,98232,32,0,16,timeout,163,194,0,552,2,64,False,False
22819654,97372,4,4,8,timeout,23,26,8,80,1,4,True,False
18584535,97372,4,4,8,timeout,23,26,8,80,2,8,True,False
8488852,97372,4,2,16,timeout,23,26,4,78,1,4,False,False
15871334,97372,4,2,16,timeout,23,26,4,78,2,8,True,False
78652058,98284,32,32,16,ebpf,163,194,64,584,1,32,True,False
39485815,98284,32,32,16,ebpf,163,194,64,584,2,64,True,False
8152510,98284,32,32,1,timeout,163,194,64,584,1,32,True,False
4340003,98284,32,32,1,timeout,163,194,64,584,2,64,True,False
19977600,99436,64,64,4,timeout,323,386,128,1160,1,64,True,False
10501795,99436,64,64,4,timeout,323,386,128,1160,2,128,True,False
59207131,97812,16,16,16,timeout,83,98,32,296,1,16,True,False
28346321,97812,16,16,16,timeout,83,98,32,296,2,32,True,False
71874912,98232,32,0,16,ebpf,163,194,0,552,1,32,False,False
112776005,98232,32,0,16,ebpf,163,194,0,552,2,64,False,False
14819602,97368,4,0,1,dropmon,23,26,0,76,1,4,False,False
22194996,97368,4,0,1,dropmon,23,26,0,76,2,8,False,False
33694418,97800,16,8,20,ebpf,83,98,16,288,1,16,False,False
61126650,97800,16,8,20,ebpf,83,98,16,288,2,32,True,False
152297784,99408,64,0,8,timeout,323,386,0,1096,1,64,False,False
278136746,99408,64,0,8,timeout,323,386,0,1096,2,128,False,False
8267533,97372,4,2,1,timeout,23,26,4,78,1,4,True,False
7022370,97372,4,2,1,timeout,23,26,4,78,2,8,True,False
243499034,99408,64,0,1,timeout,323,386,0,1096,1,64,False,False
377598527,99408,64,0,1,timeout,323,386,0,1096,2,128,False,False
122541185,99408,64,0,20,timeout,323,386,0,1096,1,64,False,False
259505821,99408,64,0,20,timeout,323,386,0,1096,2,128,False,False
68212329,98232,32,0,16,dropmon,163,194,0,552,1,32,False,False
109065100,98232,32,0,16,dropmon,163,194,0,552,2,64,False,False
9819874,97372,4,2,8,timeout,23,26,4,78,1,4,False,False
14970016,97372,4,2,8,timeout,23,26,4,78,2,8,False,False
245148449,99408,64,0,1,dropmon,323,386,0,1096,1,64,False,False
379537196,99408,64,0,1,dropmon,323,386,0,1096,2,128,False,False
22032771,97812,16,16,4,ebpf,83,98,32,296,1,16,True,False
11036591,97812,16,16,4,ebpf,83,98,32,296,2,32,True,False
30744174,99388,64,32,8,dropmon,323,386,64,1128,1,64,True,False
25609201,99388,64,32,8,dropmon,323,386,64,1128,2,128,True,False
18650356,97508,8,0,4,timeout,43,50,0,144,1,8,False,False
31234188,97508,8,0,4,timeout,43,50,0,144,2,16,False,False
8208149,97372,4,2,1,dropmon,23,26,4,78,1,4,True,False
4382841,97372,4,2,1,dropmon,23,26,4,78,2,8,True,False
17909357,97508,8,0,4,dropmon,43,50,0,144,1,8,False,False
35148121,97508,8,0,4,dropmon,43,50,0,144,2,16,False,False
63661625,97788,16,0,1,ebpf,83,98,0,280,1,16,False,False
94734292,97788,16,0,1,ebpf,83,98,0,280,2,32,False,False
32194214,97508,8,0,1,ebpf,43,50,0,144,1,8,False,False
47200333,97508,8,0,1,ebpf,43,50,0,144,2,16,False,False
20347775,98284,32,32,4,dropmon,163,194,64,584,1,32,True,False
13285423,98284,32,32,4,dropmon,163,194,64,584,2,64,True,False
20929097,97800,16,8,4,ebpf,83,98,16,288,1,16,True,False
22295488,97800,16,8,4,ebpf,83,98,16,288,2,32,True,False
29561020,97508,8,0,1,dropmon,43,50,0,144,1,8,False,False
45874849,97508,8,0,1,dropmon,43,50,0,144,2,16,False,False
14417085,97516,8,4,16,ebpf,43,50,8,148,1,8,False,False
25657136,97516,8,4,16,ebpf,43,50,8,148,2,16,True,False
76209536,98264,32,16,16,timeout,163,194,32,568,1,32,True,False
50108473,98264,32,16,16,timeout,163,194,32,568,2,64,True,False
36260485,97812,16,16,8,timeout,83,98,32,296,1,16,True,False
18005132,97812,16,16,8,timeout,83,98,32,296,2,32,True,False
20088891,99388,64,32,4,ebpf,323,386,64,1128,1,64,True,False
19200062,99388,64,32,4,ebpf,323,386,64,1128,2,128,True,False
79905776,99436,64,64,16,dropmon,323,386,128,1160,1,64,True,False
38042441,99436,64,64,16,dropmon,323,386,128,1160,2,128,True,False
8569444,97368,4,0,20,timeout,23,26,0,76,1,4,False,False
14256686,97368,4,0,20,timeout,23,26,0,76,2,8,False,False
79754929,98232,32,0,4,ebpf,163,194,0,552,1,32,False,False
138373779,98232,32,0,4,ebpf,163,194,0,552,2,64,False,False
155588636,99408,64,0,8,ebpf,323,386,0,1096,1,64,False,False
277279259,99408,64,0,8,ebpf,323,386,0,1096,2,128,False,False
160519941,99408,64,0,8,dropmon,323,386,0,1096,1,64,False,False
263037515,99408,64,0,8,dropmon,323,386,0,1096,2,128,False,False
38180055,99436,64,64,8,ebpf,323,386,128,1160,1,64,True,False
20947913,99436,64,64,8,ebpf,323,386,128,1160,2,128,True,False
8587366,98264,32,16,1,dropmon,163,194,32,568,1,32,True,False
21746097,98264,32,16,1,dropmon,163,194,32,568,2,64,True,False
21197262,99436,64,64,4,ebpf,323,386,128,1160,1,64,True,False
10581318,99436,64,64,4,ebpf,323,386,128,1160,2,128,True,False
20985241,97372,4,4,20,ebpf,23,26,8,80,1,4,True,False
22342453,97372,4,4,20,ebpf,23,26,8,80,2,8,True,False
9353482,97368,4,0,8,ebpf,23,26,0,76,1,4,False,False
15316208,97368,4,0,8,ebpf,23,26,0,76,2,8,False,False
27890035,97788,16,0,16,timeout,83,98,0,280,1,16,False,False
52021402,97788,16,0,16,timeout,83,98,0,280,2,32,False,False
9357675,97372,4,2,20,timeout,23,26,4,78,1,4,False,False
12442942,97372,4,2,20,timeout,23,26,4,78,2,8,False,False
28950275,97788,16,0,16,ebpf,83,98,0,280,1,16,False,False
48686937,97788,16,0,16,ebpf,83,98,0,280,2,32,False,False
19105662,99436,64,64,4,dropmon,323,386,128,1160,1,64,True,False
11095988,99436,64,64,4,dropmon,323,386,128,1160,2,128,True,False
8760613,97524,8,8,1,ebpf,43,50,16,152,1,8,True,False
4432168,97524,8,8,1,ebpf,43,50,16,152,2,16,True,False
15124406,97508,8,0,16,timeout,43,50,0,144,1,8,False,False
30480327,97508,8,0,16,timeout,43,50,0,144,2,16,False,False
10428611,97516,8,4,20,ebpf,43,50,8,148,1,8,False,False
30585532,97516,8,4,20,ebpf,43,50,8,148,2,16,True,False
8173165,97800,16,8,1,timeout,83,98,16,288,1,16,True,False
21708116,97800,16,8,1,timeout,83,98,16,288,2,32,True,False
71285091,97812,16,16,16,dropmon,83,98,32,296,1,16,True,False
38612484,97812,16,16,16,dropmon,83,98,32,296,2,32,True,False
125423959,98232,32,0,1,ebpf,163,194,0,552,1,32,False,False
187597352,98232,32,0,1,ebpf,163,194,0,552,2,64,False,False
20379986,97372,4,4,4,timeout,23,26,8,80,1,4,True,False
12709897,97372,4,4,4,timeout,23,26,8,80,2,8,True,False
17540130,97516,8,4,20,dropmon,43,50,8,148,1,8,False,False
35533259,97516,8,4,20,dropmon,43,50,8,148,2,16,True,False
8717397,99388,64,32,1,ebpf,323,386,64,1128,1,64,True,False
7110468,99388,64,32,1,ebpf,323,386,64,1128,2,128,True,False
9087220,98264,32,16,1,ebpf,163,194,32,568,1,32,True,False
10126318,98264,32,16,1,ebpf,163,194,32,568,2,64,True,False
58760155,97788,16,0,1,timeout,83,98,0,280,1,16,False,False
91822844,97788,16,0,1,timeout,83,98,0,280,2,32,False,False
38871837,98264,32,16,8,dropmon,163,194,32,568,1,32,True,False
34114030,98264,32,16,8,dropmon,163,194,32,568,2,64,True,False
27866115,97788,16,0,20,timeout,83,98,0,280,1,16,False,False
56295111,97788,16,0,20,timeout,83,98,0,280,2,32,False,False
18967795,98284,32,32,4,ebpf,163,194,64,584,1,32,True,False
12130868,98284,32,32,4,ebpf,163,194,64,584,2,64,True,False
8758142,97372,4,2,20,dropmon,23,26,4,78,1,4,False,False
13894797,97372,4,2,20,dropmon,23,26,4,78,2,8,False,False
76576322,97812,16,16,20,timeout,83,98,32,296,1,16,True,False
55926555,97812,16,16,20,timeout,83,98,32,296,2,32,True,False
8806477,99436,64,64,1,ebpf,323,386,128,1160,1,64,True,False
4497093,99436,64,64,1,ebpf,323,386,128,1160,2,128,True,False
23099177,98264,32,16,4,ebpf,163,194,32,568,1,32,True,False
20287272,98264,32,16,4,ebpf,163,194,32,568,2,64,True,False
22524886,97372,4,4,20,timeout,23,26,8,80,1,4,True,False
23447833,97372,4,4,20,timeout,23,26,8,80,2,8,True,False
162513321,99408,64,0,4,dropmon,323,386,0,1096,1,64,False,False
260732598,99408,64,0,4,dropmon,323,386,0,1096,2,128,False,False
58945284,97788,16,0,1,dropmon,83,98,0,280,1,16,False,False
92022572,97788,16,0,1,dropmon,83,98,0,280,2,32,False,False
21457811,97524,8,8,4,dropmon,43,50,16,152,1,8,True,False
9760142,97524,8,8,4,dropmon,43,50,16,152,2,16,True,False
60852981,98232,32,0,20,dropmon,163,194,0,552,1,32,False,False
112385015,98232,32,0,20,dropmon,163,194,0,552,2,64,False,False
83409398,98232,32,0,4,dropmon,163,194,0,552,1,32,False,False
132296923,98232,32,0,4,dropmon,163,194,0,552,2,64,False,False
8071285,99436,64,64,1,dropmon,323,386,128,1160,1,64,True,False
4330440,99436,64,64,1,dropmon,323,386,128,1160,2,128,True,False
25762552,97516,8,4,4,timeout,43,50,8,148,1,8,True,False
15003474,97516,8,4,4,timeout,43,50,8,148,2,16,True,False
21845624,97800,16,8,4,timeout,83,98,16,288,1,16,True,False
29205886,97800,16,8,4,timeout,83,98,16,288,2,32,True,False
81805663,99436,64,64,16,ebpf,323,386,128,1160,1,64,True,False
38023859,99436,64,64,16,ebpf,323,386,128,1160,2,128,True,False
9013999,97368,4,0,16,timeout,23,26,0,76,1,4,False,False
11716199,97368,4,0,16,timeout,23,26,0,76,2,8,False,False
39191353,97524,8,8,20,ebpf,43,50,16,152,1,8,True,False
42722620,97524,8,8,20,ebpf,43,50,16,152,2,16,True,False
15243122,97516,8,4,16,dropmon,43,50,8,148,1,8,False,False
30296908,97516,8,4,16,dropmon,43,50,8,148,2,16,True,False
16455330,97788,16,0,20,ebpf,83,98,0,280,1,16,False,False
58581247,97788,16,0,20,ebpf,83,98,0,280,2,32,False,False
17018159,97516,8,4,8,dropmon,43,50,8,148,1,8,False,False
38398742,97516,8,4,8,dropmon,43,50,8,148,2,16,True,False
11729543,97516,8,4,20,timeout,43,50,8,148,1,8,False,False
24628385,97516,8,4,20,timeout,43,50,8,148,2,16,True,False
20732049,97800,16,8,4,dropmon,83,98,16,288,1,16,True,False
14644929,97800,16,8,4,dropmon,83,98,16,288,2,32,True,False
72846650,98284,32,32,16,timeout,163,194,64,584,1,32,True,False
38121618,98284,32,32,16,timeout,163,194,64,584,2,64,True,False
21564587,97800,16,8,16,timeout,83,98,16,288,1,16,False,False
66078493,97800,16,8,16,timeout,83,98,16,288,2,32,True,False
21101296,97800,16,8,16,ebpf,83,98,16,288,1,16,False,False
60111650,97800,16,8,16,ebpf,83,98,16,288,2,32,True,False
35954074,97524,8,8,16,dropmon,43,50,16,152,1,8,True,False
35670577,97524,8,8,16,dropmon,43,50,16,152,2,16,True,False
37791584,99436,64,64,8,dropmon,323,386,128,1160,1,64,True,False
22083538,99436,64,64,8,dropmon,323,386,128,1160,2,128,True,False
8171017,97812,16,16,1,dropmon,83,98,32,296,1,16,True,False
4379103,97812,16,16,1,dropmon,83,98,32,296,2,32,True,False
8893761,97368,4,0,8,dropmon,23,26,0,76,1,4,False,False
13891549,97368,4,0,8,dropmon,23,26,0,76,2,8,False,False
22340310,97372,4,4,4,ebpf,23,26,8,80,1,4,True,False
12170289,97372,4,4,4,ebpf,23,26,8,80,2,8,True,False
29154543,97788,16,0,16,dropmon,83,98,0,280,1,16,False,False
47201109,97788,16,0,16,dropmon,83,98,0,280,2,32,False,False
21157506,97372,4,4,16,ebpf,23,26,8,80,1,4,True,False
24748177,97372,4,4,16,ebpf,23,26,8,80,2,8,True,False
129639767,99408,64,0,16,timeout,323,386,0,1096,1,64,False,False
269234880,99408,64,0,16,timeout,323,386,0,1096,2,128,False,False
169949407,99408,64,0,4,timeout,323,386,0,1096,1,64,False,False
270976666,99408,64,0,4,timeout,323,386,0,1096,2,128,False,False
9148690,97372,4,2,4,dropmon,23,26,4,78,1,4,False,False
17816363,97372,4,2,4,dropmon,23,26,4,78,2,8,True,False
91656349,99436,64,64,20,ebpf,323,386,128,1160,1,64,True,False
43329320,99436,64,64,20,ebpf,323,386,128,1160,2,128,True,False
15777212,97368,4,0,1,ebpf,23,26,0,76,1,4,False,False
23254555,97368,4,0,1,ebpf,23,26,0,76,2,8,False,False
35746553,98284,32,32,8,ebpf,163,194,64,584,1,32,True,False
23251197,98284,32,32,8,ebpf,163,194,64,584,2,64,True,False
8151535,97516,8,4,1,dropmon,43,50,8,148,1,8,True,False
4182710,97516,8,4,1,dropmon,43,50,8,148,2,16,True,False
8832671,97368,4,0,20,ebpf,23,26,0,76,1,4,False,False
13471319,97368,4,0,20,ebpf,23,26,0,76,2,8,False,False
74315426,99388,64,32,16,timeout,323,386,64,1128,1,64,True,False
48133837,99388,64,32,16,timeout,323,386,64,1128,2,128,True,False
31735095,98284,32,32,8,timeout,163,194,64,584,1,32,True,False
26299092,98284,32,32,8,timeout,163,194,64,584,2,64,True,False
80439193,98264,32,16,16,ebpf,163,194,32,568,1,32,True,False
55503630,98264,32,16,16,ebpf,163,194,32,568,2,64,True,False
8404295,97812,16,16,1,timeout,83,98,32,296,1,16,True,False
4557396,97812,16,16,1,timeout,83,98,32,296,2,32,True,False
8353081,97372,4,4,1,timeout,23,26,8,80,1,4,True,False
4240783,97372,4,4,1,timeout,23,26,8,80,2,8,True,False
65202435,98264,32,16,20,ebpf,163,194,32,568,1,32,False,False
64915160,98264,32,16,20,ebpf,163,194,32,568,2,64,True,False
118330226,98232,32,0,1,dropmon,163,194,0,552,1,32,False,False
186098546,98232,32,0,1,dropmon,163,194,0,552,2,64,False,False
7834488,97368,4,0,4,dropmon,23,26,0,76,1,4,False,False
14258594,97368,4,0,4,dropmon,23,26,0,76,2,8,False,False
8869894,97372,4,2,16,dropmon,23,26,4,78,1,4,False,False
13101718,97372,4,2,16,dropmon,23,26,4,78,2,8,False,False
67406573,98264,32,16,20,timeout,163,194,32,568,1,32,False,False
49564132,98264,32,16,20,timeout,163,194,32,568,2,64,True,False
29426845,97508,8,0,1,timeout,43,50,0,144,1,8,False,False
45422976,97508,8,0,1,timeout,43,50,0,144,2,16,False,False
18619513,97508,8,0,8,dropmon,43,50,0,144,1,8,False,False
24342080,97508,8,0,8,dropmon,43,50,0,144,2,16,False,False
132363197,99408,64,0,16,ebpf,323,386,0,1096,1,64,False,False
262738093,99408,64,0,16,ebpf,323,386,0,1096,2,128,False,False
8634641,97372,4,4,1,ebpf,23,26,8,80,1,4,True,False
4299335,97372,4,4,1,ebpf,23,26,8,80,2,8,True,False
62196151,98232,32,0,8,timeout,163,194,0,552,1,32,False,False
128661194,98232,32,0,8,timeout,163,194,0,552,2,64,False,False
20925742,97372,4,4,16,timeout,23,26,8,80,1,4,True,False
23561802,97372,4,4,16,timeout,23,26,8,80,2,8,True,False
22496882,97524,8,8,4,timeout,43,50,16,152,1,8,True,False
11562673,97524,8,8,4,timeout,43,50,16,152,2,16,True,False
38908878,97524,8,8,16,ebpf,43,50,16,152,1,8,True,False
43459849,97524,8,8,16,ebpf,43,50,16,152,2,16,True,False
37609267,97812,16,16,8,ebpf,83,98,32,296,1,16,True,False
18944067,97812,16,16,8,ebpf,83,98,32,296,2,32,True,False
20375460,98264,32,16,4,dropmon,163,194,32,568,1,32,True,False
23131298,98264,32,16,4,dropmon,163,194,32,568,2,64,True,False
92861003,99436,64,64,20,dropmon,323,386,128,1160,1,64,True,False
46327989,99436,64,64,20,dropmon,323,386,128,1160,2,128,True,False
9290617,97368,4,0,4,timeout,23,26,0,76,1,4,False,False
12730330,97368,4,0,4,timeout,23,26,0,76,2,8,False,False
8358089,98284,32,32,1,dropmon,163,194,64,584,1,32,True,False
4473489,98284,32,32,1,dropmon,163,194,64,584,2,64,True,False
98806666,98284,32,32,20,timeout,163,194,64,584,1,32,True,False
44770294,98284,32,32,20,timeout,163,194,64,584,2,64,True,False
76206550,99388,64,32,16,ebpf,323,386,64,1128,1,64,True,False
48312138,99388,64,32,16,ebpf,323,386,64,1128,2,128,True,False
25985579,97516,8,4,4,ebpf,43,50,8,148,1,8,False,False
32127713,97516,8,4,4,ebpf,43,50,8,148,2,16,True,False
8027815,97372,4,2,16,ebpf,23,26,4,78,1,4,False,False
14752331,97372,4,2,16,ebpf,23,26,4,78,2,8,False,False
20567970,97812,16,16,4,dropmon,83,98,32,296,1,16,True,False
11237148,97812,16,16,4,dropmon,83,98,32,296,2,32,True,False
142873439,99408,64,0,20,dropmon,323,386,0,1096,1,64,False,False
207787653,99408,64,0,20,dropmon,323,386,0,1096,2,128,False,False
23020508,98284,32,32,4,timeout,163,194,64,584,1,32,True,False
11639489,98284,32,32,4,timeout,163,194,64,584,2,64,True,False
8180381,97800,16,8,1,dropmon,83,98,16,288,1,16,True,False
9851879,97800,16,8,1,dropmon,83,98,16,288,2,32,True,False
36607468,97524,8,8,8,timeout,43,50,16,152,1,8,True,False
19477838,97524,8,8,8,timeout,43,50,16,152,2,16,True,False
15532208,97508,8,0,20,dropmon,43,50,0,144,1,8,False,False
29203967,97508,8,0,20,dropmon,43,50,0,144,2,16,False,False
8245149,98264,32,16,1,timeout,163,194,32,568,1,32,True,False
12565401,98264,32,16,1,timeout,163,194,32,568,2,64,True,False
42023322,97524,8,8,20,dropmon,43,50,16,152,1,8,True,False
34150786,97524,8,8,20,dropmon,43,50,16,152,2,16,True,False
30623292,99388,64,32,8,ebpf,323,386,64,1128,1,64,True,False
32514294,99388,64,32,8,ebpf,323,386,64,1128,2,128,True,False
20032662,99388,64,32,4,dropmon,323,386,64,1128,1,64,True,False
12669978,99388,64,32,4,dropmon,323,386,64,1128,2,128,True,False
10179133,97372,4,2,20,ebpf,23,26,4,78,1,4,False,False
17425604,97372,4,2,20,ebpf,23,26,4,78,2,8,False,False
32329635,99388,64,32,8,timeout,323,386,64,1128,1,64,True,False
27300648,99388,64,32,8,timeout,323,386,64,1128,2,128,True,False
8869276,97368,4,0,8,timeout,23,26,0,76,1,4,False,False
15064572,97368,4,0,8,timeout,23,26,0,76,2,8,False,False
8124897,97524,8,8,1,timeout,43,50,16,152,1,8,True,False
4157313,97524,8,8,1,timeout,43,50,16,152,2,16,True,False
8284585,97372,4,4,1,dropmon,23,26,8,80,1,4,True,False
4132772,97372,4,4,1,dropmon,23,26,8,80,2,8,True,False
80491304,98232,32,0,8,ebpf,163,194,0,552,1,32,False,False
140702107,98232,32,0,8,ebpf,163,194,0,552,2,64,False,False
33272976,97524,8,8,16,timeout,43,50,16,152,1,8,True,False
33222634,97524,8,8,16,timeout,43,50,16,152,2,16,True,False
16746731,97516,8,4,16,timeout,43,50,8,148,1,8,False,False
34025954,97516,8,4,16,timeout,43,50,8,148,2,16,True,False
17959403,97508,8,0,8,ebpf,43,50,0,144,1,8,False,False
23881954,97508,8,0,8,ebpf,43,50,0,144,2,16,False,False
81415389,98232,32,0,4,timeout,163,194,0,552,1,32,False,False
134394195,98232,32,0,4,timeout,163,194,0,552,2,64,False,False
9294573,97368,4,0,16,dropmon,23,26,0,76,1,4,False,False
11728283,97368,4,0,16,dropmon,23,26,0,76,2,8,False,False
19531045,97372,4,4,16,dropmon,23,26,8,80,1,4,True,False
24974639,97372,4,4,16,dropmon,23,26,8,80,2,8,True,False
37029866,97524,8,8,8,dropmon,43,50,16,152,1,8,True,False
28533772,97524,8,8,8,dropmon,43,50,16,152,2,16,True,False
25791665,97516,8,4,4,dropmon,43,50,8,148,1,8,False,False
38175916,97516,8,4,4,dropmon,43,50,8,148,2,16,True,False
36816059,97524,8,8,20,timeout,43,50,16,152,1,8,True,False
40657529,97524,8,8,20,timeout,43,50,16,152,2,16,True,False
42087895,97788,16,0,8,timeout,83,98,0,280,1,16,False,False
77419472,97788,16,0,8,timeout,83,98,0,280,2,32,False,False
33409587,99436,64,64,8,timeout,323,386,128,1160,1,64,True,False
25601536,99436,64,64,8,timeout,323,386,128,1160,2,128,True,False
8141978,99388,64,32,1,timeout,323,386,64,1128,1,64,True,False
7242313,99388,64,32,1,timeout,323,386,64,1128,2,128,True,False
22573319,97372,4,4,4,dropmon,23,26,8,80,1,4,True,False
11955972,97372,4,4,4,dropmon,23,26,8,80,2,8,True,False
59296238,98232,32,0,20,timeout,163,194,0,552,1,32,False,False
112182767,98232,32,0,20,timeout,163,194,0,552,2,64,False,False
68206722,98232,32,0,8,dropmon,163,194,0,552,1,32,False,False
127325750,98232,32,0,8,dropmon,163,194,0,552,2,64,False,False
81602163,99388,64,32,20,ebpf,323,386,64,1128,1,64,True,False
113130516,99388,64,32,20,ebpf,323,386,64,1128,2,128,True,False
14733182,97368,4,0,1,timeout,23,26,0,76,1,4,False,False
22263186,97368,4,0,1,timeout,23,26,0,76,2,8,False,False
8914646,97368,4,0,16,ebpf,23,26,0,76,1,4,False,False
12588956,97368,4,0,16,ebpf,23,26,0,76,2,8,False,False
162961041,99408,64,0,4,ebpf,323,386,0,1096,1,64,False,False
268752485,99408,64,0,4,ebpf,323,386,0,1096,2,128,False,False
76294649,98264,32,16,16,dropmon,163,194,32,568,1,32,True,False
52995734,98264,32,16,16,dropmon,163,194,32,568,2,64,True,False
36459136,98284,32,32,8,dropmon,163,194,64,584,1,32,True,False
22034749,98284,32,32,8,dropmon,163,194,64,584,2,64,True,False
8984455,97516,8,4,1,ebpf,43,50,8,148,1,8,True,False
4433370,97516,8,4,1,ebpf,43,50,8,148,2,16,True,False
12838272,97508,8,0,20,timeout,43,50,0,144,1,8,False,False
17927088,97508,8,0,20,timeout,43,50,0,144,2,16,False,False
9387008,97372,4,2,4,timeout,23,26,4,78,1,4,False,False
16500229,97372,4,2,4,timeout,23,26,4,78,2,8,False,False
73300246,99388,64,32,16,dropmon,323,386,64,1128,1,64,True,False
53966923,99388,64,32,16,dropmon,323,386,64,1128,2,128,True,False
62122527,97788,16,0,4,dropmon,83,98,0,280,1,16,False,False
90902267,97788,16,0,4,dropmon,83,98,0,280,2,32,False,False
91098514,99436,64,64,20,timeout,323,386,128,1160,1,64,True,False
49667335,99436,64,64,20,timeout,323,386,128,1160,2,128,True,False
27471615,97800,16,8,20,timeout,83,98,16,288,1,16,False,False
61774403,97800,16,8,20,timeout,83,98,16,288,2,32,True,False
78874071,97788,16,0,4,timeout,83,98,0,280,1,16,False,False
109815704,97788,16,0,4,timeout,83,98,0,280,2,32,False,False
